charging_station_name,city,state,zipcode,street_address
"Athens, AL Supercharger",AL,No zipcode,21282 Athens-Limestone Blvd,Athens
Auburn Alabama Supercharger,AL,36830,1627 Opelika Road,Auburn
"Birmingham, AL Supercharger",AL,35203-1103,2221 Richard Arrington Junior Blvd,Birmingham
"Dothan, AL (coming soon)",AL,No zipcode,No address given,Dothan
Greenville Supercharger,AL,36037,219 Interstate Drive,Greenville
Mobile Supercharger,AL,36606,3201 Airport Blvd,Mobile
"Montgomery, AL (coming soon)",AL,No zipcode,No address given,Montgomery
"Oxford, AL Supercharger",AL,36203-0000,1105 Oxford Exchange Blvd,Oxford
Steele Supercharger,AL,35987,905 Steele Station Road,Steele
"Tuscaloosa, AL (coming soon)",AL,No zipcode,No address given,Tuscaloosa
"Anchorage, AK (coming soon)",AK,No zipcode,No address given,Anchorage
"Buckeye, AZ Supercharger",AZ,85326,416 S Watson Rd,Buckeye
"Casa Grande, AZ Supercharger",AZ,85194,2453 E. Florence Blvd.,Casa Grande
"Cordes Lakes, AZ Supercharger",AZ,86333,14925 Cordes Lakes Rd,Mayer
"Ehrenberg, AZ Supercharger",AZ,85334,11 Frontage Road North,Ehrenberg
"Flagstaff, AZ Supercharger",AZ,86001,2650 South Beulah Blvd,Flagstaff
"Gila Bend, AZ Supercharger",AZ,85337,826 W Pima St.,Gila Bend
"Globe, AZ (coming soon)",AZ,No zipcode,No address given,Globe
"Holbrook, AZ Supercharger",AZ,86025,2096 Navajo Blvd,Holbrook
"Kayenta, AZ (coming soon)",AZ,No zipcode,No address given,Kayenta
"Kingman, AZ Supercharger",AZ,86401,789 W Beale St,Kingman
"New River, AZ Supercharger",AZ,85087,3906 West New River Road,New River
Page Supercharger,AZ,86040,600 Clubhouse Drive,Page
"Payson, AZ Supercharger",AZ,85541,142 AZ-260,Payson
"Phoenix, AZ (coming soon)",AZ,No zipcode,No address given,Phoenix
"Phoenix, AZ - Agua Fria Freeway Supercharger",No state,85027-3938,2805 Agua Fria Fwy,Phoenix
"Phoenix, AZ - East Camelback Road Supercharger",No state,85016-4254,2502 East Camelback Road,Phoenix
"Quartzsite, AZ Supercharger",AZ,85346,1451 West Main St,Quartzsite
"Scottsdale, AZ - N. Scottsdale Road Supercharger",AZ,85254-2421,15059 N. Scottsdale Rd,Scottsdale
"Scottsdale, AZ - North Kierland Blvd. Supercharger",AZ,85254,15205 North Kierland Boulevard,Scottsdale
"Sedona, AZ Supercharger",AZ,86351,7000 AZ-179,Sedona
"Tacna, AZ Supercharger",AZ,95352,9250 South Avenue 40E,Tacna
"Tucson, AZ - East Skyline Drive Supercharger",AZ,85718,2905 East Skyline Drive,Tucson
"Tucson, AZ Supercharger",AZ,85747,9255 S Rita Rd,Tucson
"Tusayan, AZ Supercharger",AZ,No zipcode,149 State Route 64,Tusayan
"White Hills, AZ Supercharger",AZ,86445,12683 White Hills Road,Willow Beach
"Wickenburg, AZ Supercharger",AZ,85390,155 N Tegner,Wickenburg
"Willcox, AZ Supercharger",No state,85643-1022,1251 Virginia Avenue,Willcox
"Yuma, AZ Supercharger",AZ,85364,310 N Madison Ave,Yuma
"Arkadelphia, AR (coming soon)",AR,No zipcode,No address given,Arkadelphia
"Blytheville, AR (coming soon)",AR,No zipcode,No address given,Blytheville
"Forrest City, AR (coming soon)",AR,No zipcode,No address given,Forrest City
"Fort Smith, AR (coming soon)",AR,No zipcode,No address given,Fort Smith
Little Rock Supercharger,AR,No zipcode,11201 Bass Pro Parkway,Little Rock
"Lowell, AR Supercharger",AR,72745,898 W Monroe Ave,Lowell
"Ozark, AR Supercharger",AR,72949,3202 Pence Lane,Ozark
"Adelanto, CA (coming soon)",CA,No zipcode,No address given,Adelanto
"Adin, CA (coming soon)",CA,No zipcode,No address given,Adin
"Alameda, CA Supercharger",CA,94501,523 South Shore Center West,Alameda
"Anaheim, CA - East Katella Avenue Supercharger",CA,92806,2404 East Katella Avenue,Anaheim
"Anaheim, CA - Santa Ana Canyon Road Supercharger",CA,92808,8148 East Santa Ana Canyon Road,Anaheim
"Antioch, CA Supercharger",CA,94531,5769 Lone Tree Way,Antioch
"Atascadero, CA Supercharger",CA,93422,6950 El Camino Real,Atascadero
"Baker, CA Supercharger",CA,92309-0000,71808 Baker Blvd,Baker
Bakersfield Supercharger,CA,93314,29541 Stockdale Hwy,Bakersfield
"Bakersfield, CA (coming soon)",CA,No zipcode,No address given,Bakersfield
Barstow Supercharger,CA,92311,2812 Lenwood Road,Barstow
"Beaumont, CA Supercharger",CA,92223,1540 E. 2nd Street,Beaumont
"Berkeley, CA (coming soon)",CA,No zipcode,No address given,Berkeley
"Beverly Hills, CA (coming soon)",CA,No zipcode,No address given,Beverly Hills
"Big Sur, CA - Ventana Supercharger",CA,93920,48123 Highway 1,Big Sur
"Bishop, CA (coming soon)",CA,No zipcode,No address given,Bishop
"Brea, CA (coming soon)",CA,No zipcode,No address given,Brea
"Buellton, CA Supercharger",CA,93427,555 McMurray Rd,Buellton
Buena Park,CA,90621,6692 Auto Center Drive,Buena Park
"Buena Park, CA - Beach Boulevard Supercharger",CA,90621,6940 Beach Boulevard,Buena Park
Burbank - North Third Street,CA,91502,495 North Third Street,Burbank
Buttonwillow Supercharger,CA,93206,20673 Tracy Ave.,Buttonwillow
Cabazon Supercharger,CA,92230,48400 Seminole Drive,Cabazon
"Calabasas, CA (coming soon)",CA,No zipcode,No address given,Calabasas
"Cambria, CA (coming soon)",CA,No zipcode,No address given,Cambria
"Carlsbad, CA Supercharger",CA,92009-8562,7710-7770 El Camino Real,Carlsbad
"Castro Valley, CA (coming soon)",CA,No zipcode,No address given,Castro Valley
"Cerritos, CA Supercharger",CA,90703-5422,239 Los Cerritos Center,Cerritos
"Chico, CA Supercharger",CA,95928,1951 East 20th Street,Chico
"Chino Hills, CA (coming soon)",CA,No zipcode,No address given,Chino Hills
"Chula Vista, CA Supercharger",CA,91914,910 Eastlake Parkway,Chula Vista
"Commerce, CA (coming soon)",CA,No zipcode,No address given,Commerce
"Concord, CA Supercharger",No state,94520,2001 Diamond Blvd,Concord
"Corning, CA Supercharger",CA,96021,950 Hwy 99 W,Corning
"Corona, CA Supercharger",CA,92881-4631,2615 Tuscany Street,Corona
"Corte Madera, CA Supercharger",CA,94925,1618 Redwood Highway,Corte Madera
"Costa Mesa, CA (coming soon)",CA,No zipcode,No address given,Costa Mesa
Crescent City Supercharger,CA,95531,1000 Front Street,Crescent City
Culver City Supercharger,CA,90230,6000 Sepulveda Blvd.,Culver City
"Cupertino, CA Supercharger",No state,95014-0000,19500 Vallco Parkway,Cupertino
"Daly City, CA Supercharger",CA,94015,3 Serramonte Center,Daly City
"Dana Point, CA (coming soon)",CA,No zipcode,No address given,Dana Point
"Davis, CA (coming soon)",CA,No zipcode,No address given,Davis
"Downey, CA - Lakewood Boulevard Supercharger",CA,90240-3307,9500 Lakewood Boulevard,Downey
"Downey, CA - Stonewood Street Supercharger",CA,90241,251 Stonewood Street,Downey
Dublin-Amador Plaza,CA,94568,6701 Amador Plaza Road,Dublin
"East Palo Alto, CA Supercharger",CA,94303,1771 East Bayshore Road,Palo Alto
"El Cajon, CA (coming soon)",CA,No zipcode,No address given,El Cajon
El Centro Supercharger,CA,92243,3551 S Dogwood Rd,El Centro
"El Cerrito, CA (coming soon)",CA,No zipcode,No address given,El Cerrito
"El Cerrito, CA Supercharger",CA,94530,280 El Cerrito Plaza,El Cerrito
"Elk Grove, CA - Elk Grove Blvd Supercharger",CA,95758,8451 Elk Grove Boulevard,Elk Grove
"Emeryville, CA (coming soon)",CA,No zipcode,No address given,Emeryville
"Emeryville, CA - Powell Street Plaza Supercharger",CA,94608,5795 Christie Avenue,Emeryville
"Escondido, CA (coming soon)",CA,No zipcode,No address given,Escondido
Eureka Supercharger,CA,95501,3300 Broadway St.,Eureka
"Fairfield, CA - Holiday Lane Supercharger",CA,94534,1350 Holiday Lane,Fairfield
"Fairfield, CA - Travis Blvd Supercharger",CA,94533-3432,1350 Travis Blvd,Fairfield
"Firebaugh, CA Supercharger",CA,93622,46272 West Panoche Road,Firebaugh
Fish Camp Supercharger,CA,93623,1122 Highway 41,Fish Camp
"Folsom, CA - Iron Point Road Supercharger",CA,95630,220 Iron Point Rd,Folsom
"Folsom, CA - Palladio Parkway Supercharger",CA,95630,220 Palladio Parkway,Folsom
"Fontana, CA Supercharger",CA,92336,152234 Summit Avenue,Fontana
Fountain Valley Supercharger,CA,92708,17940 Newhope St,Fountain Valley
Fremont,CA,94538,45500 Fremont Blvd,Fremont
"Fremont, CA - 39201 Fremont Blvd Supercharger",CA,94538-1301,39201 Fremont Blvd,Fremont
Fresno Supercharger,CA,93722,6709 N Riverside Dr,Fresno
"Fresno, CA (coming soon)",CA,No zipcode,No address given,Fresno
"Gilroy, CA Supercharger",CA,95020,Gilroy Premium Outlets,Gilroy
"Glendale, CA Supercharger",CA,91210,899 Americana Way,Glendale
"Goleta, CA Supercharger",CA,93117,7004 Marketplace Drive,Goleta
"Greenville, CA (coming soon)",CA,No zipcode,No address given,Greenville
Groveland Supercharger,CA,95321,11875 Ponderosa Lane,Groveland
Gustine Supercharger,CA,95322,12411 CA-33,Gustine
"Half Moon Bay, CA (coming soon)",CA,No zipcode,No address given,Half Moon Bay
Harris Ranch Supercharger,CA,93210,24505 W Dorris Ave,Coalinga
"Hawthorne, CA - El Segundo Boulevard Supercharger",CA,90250,4427 West El Segundo Boulevard,Hawthorne
"Hawthorne, CA - West 120th Street Supercharger",CA,90250,2700 West 120th Avenue,Hawthorne
"Hayward, CA Supercharger",CA,94541,19661 Hesperian Boulevard,Hayward
"Hermosa Beach, CA Supercharger",CA,90254,710 16th St.,Hermosa Beach
"Hesperia, CA (coming soon)",CA,No zipcode,No address given,Hesperia
"Highland, CA (coming soon)",CA,No zipcode,No address given,Highland
"Hollister, CA Supercharger",CA,95023-9541,10021 Pacheco Pass Hwy,Hollister
"Hollywood, CA (coming soon)",CA,No zipcode,No address given,Hollywood
"Huntington Beach, CA (coming soon)",CA,No zipcode,No address given,Huntington Beach
Indio Supercharger,CA,92203,42100 Jackson St,Indio
"Indio, CA (coming soon)",CA,No zipcode,No address given,Indio
Inyokern Supercharger,CA,93527,1353 Brown Road,Inyokern
"Irvine, CA (coming soon)",CA,No zipcode,No address given,Irvine
"Irvine, CA - Michelson Drive Supercharger",CA,92612-0626,3021 Michelson Drive,Irvine
"Jackson, CA Supercharger",CA,95642,31 CA-88,Jackson
"Kettleman City, CA Supercharger",CA,93239,27675 Bernard Drive,Kettleman City
"Kramer Junction, CA (coming soon)",CA,No zipcode,No address given,Kramer Junction
"Lake Elsinore, CA Supercharger",CA,92530,17600 Collier Avenue,Lake Elsinore
"Lakewood, CA (coming soon)",CA,No zipcode,No address given,Lakewood
"Laytonville, CA Supercharger",CA,95454-9049,45020 N US Highway 101,Laytonville
"Lincoln, CA - Groveland Lane Supercharger",CA,95648,950 Groveland Lane,Lincoln
"Livermore, CA Supercharger",CA,94551,2774 Livermore Outlets Drive,Livermore
"Lone Pine, CA Supercharger",CA,93545,701 S Main St,Lone Pine
"Long Beach, CA (coming soon)",CA,No zipcode,No address given,Long Beach
"Los Altos, CA (coming soon)",CA,No zipcode,No address given,Los Altos
"Los Altos, CA Supercharger",CA,94022,4800 El Camino Real,Los Altos
"Los Angeles, CA - Francisco Street Supercharger",CA,90015,899 South Francisco Street,Los Angeles
"Los Gatos, CA Supercharger",CA,95032,142 Los Gatos-Saratoga Road,Los Gatos
"Malibu, CA - Whole Foods and the Park Supercharger",CA,90265,23475 Civic Center Way,Malibu
Mammoth Lakes Supercharger,CA,93546,1475 Tavern Road,Mammoth Lakes
"Manhattan Beach, CA Supercharger",CA,90266,3200 North Sepulveda Boulevard,Manhattan Beach
Manteca Supercharger,CA,95337,960 Perimeter Dr,Manteca
"Manteca, CA - Spreckels Avenue Supercharger",CA,95336,280 Spreckels Avenue,Manteca
"Marin City, CA - Donahue Street Supercharger",CA,94965,190 Donahue Street,Marin City
"Marina Del Rey, CA (coming soon)",CA,No zipcode,No address given,Marina Del Rey
"Mariposa, CA (coming soon)",CA,No zipcode,No address given,Mariposa
"Mendocino, CA (coming soon)",CA,No zipcode,No address given,Mendocino
"Menifee, CA Supercharger",CA,92584,30340 Haun Road,Menifee
"Menlo Park, CA Supercharger",CA,94025,325 Sharon Park Drive,Menlo Park
"Milpitas, CA - Great Mall Supercharger",CA,95035,447 Great Mall Drive,Milpitas
"Milpitas, CA Supercharger",CA,95035,901 East Calaveras Boulevard,Milpitas
"Mission Viejo, CA Supercharger",CA,92691,555 The Shops at Mission Viejo,Mission Viejo
"Modesto, CA - Sisk Road Supercharger",CA,95356,3900 Sisk Road,Modesto
Mojave Supercharger,CA,93501,16940 California 14,Mojave
"Mojave, CA (coming soon)",CA,No zipcode,No address given,Mojave
"Montebello, CA (coming soon)",CA,No zipcode,No address given,Montebello
Monterey Supercharger,CA,93940-6168,1410 Del Monte Center,Monterey
Monterey-Seaside,CA,93955,1901 Del Monte Blvd,Seaside
"Moreno Valley, CA (coming soon)",CA,No zipcode,No address given,Moreno Valley
"Morgan Hill, CA Supercharger",CA,95037,1061 Cochrane Road,Morgan Hill
Mountain View Supercharger,CA,94043,1401 N. Shoreline Blvd.,Mountain View
"Mountain View, CA (coming soon)",CA,No zipcode,No address given,Mountain View
Mt. Shasta Supercharger,CA,96067,111 Morgan Way,Mt. Shasta
"Mt. Shasta, CA - 134 Morgan Way Supercharger",CA,96067-2501,134 Morgan Way,Mt. Shasta
"Napa, CA - Factory Stores Drive Supercharger",CA,94558,629 Factory Stores Drive,Napa
"Napa, CA Supercharger",CA,94558,221 Devlin Rd,Napa
Needles Supercharger,CA,92363,2451 Needles HWY,Needles
"Newark, CA Supercharger",CA,94560,3100 Newpark Mall,Newark
"Newell, CA (coming soon)",CA,No zipcode,No address given,Newel
"Northridge, CA (coming soon)",CA,No zipcode,No address given,Northridge
"Novato, CA Supercharger",CA,94945,208 Vintage Way,Novato
"Oakland, CA (coming soon)",CA,No zipcode,No address given,Oakland
"Oakland, CA - Hegenberger Rd Supercharger",CA,94621,640 Hegenberger Road,Oakland
"Ojai, CA Supercharger",CA,93023,987 West Ojai Avenue,Ojai
"Ontario, CA (coming soon)",CA,No zipcode,No address given,Ontario
Oxnard Supercharger,CA,93036,2751 Park View Ct,Oxnard
"Pacific Palisades, CA (coming soon)",CA,No zipcode,No address given,Pacific Palisades
"Palm Springs, CA Supercharger",CA,92262,101 North Museum Drive,Palm Springs
"Palmdale, CA Supercharger",CA,93551,1233 Rancho Vista Boulevard,Palmdale
"Palo Alto, CA - Stanford Shopping Center Supercharger",CA,94304,660 Stanford Shopping Center,Palo Alto
"Pasadena, CA Supercharger",CA,91105,155 East Green Street,Pasadena
"Paso Robles, CA Supercharger",CA,93446,2421-2445 Golden Hill Road,Paso Robles
"Patterson, CA - Speno Dr Supercharger",CA,95363,2959 Speno Drive,Patterson
"Petaluma, CA Supercharger",CA,94952,401 Kenilworth Drive,Petaluma
"Pinole, CA (coming soon)",CA,No zipcode,No address given,Pinole
"Pismo Beach, CA Supercharger",CA,93449,333 5 Cities Drive,Pismo Beach
"Placerville, CA Supercharger",CA,95667,1216-1252 Broadway,Placerville
"Playa Vista, CA - West Jefferson Blvd Supercharger",CA,90094,12746 W Jefferson Blvd,Playa Vista
"Pleasanton, CA Supercharger",CA,94588,6000 Johnson Drive,Pleasanton
"Pomona, CA (coming soon)",CA,No zipcode,No address given,Pomona
Rancho Cucamonga Supercharger,CA,91739,12642 Cultural Center Dr.,Rancho Cucamonga
"Rancho Mirage, CA	Supercharger",CA,92270,71800 CA-111,Rancho Mirage
"Red Bluff, CA Supercharger",CA,96080,82 Belle Mill Road,Red Bluff
Redondo Beach Supercharger,CA,90278,2410 Marine Avenue,Redondo Beach
"Richmond, CA - Pierce Street Supercharger",CA,94804,3288 Pierce St,Richmond
"Richmond, CA Supercharger",CA,94804,2157 Meeker Avenue,Richmond
"Riverside, CA - Canyon Springs Parkway Supercharger",CA,92507,2755 Canyon Springs Parkway,Riverside
"Riverside, CA Supercharger",No state,92501,3370 9th St,Riverside
"Rohnert Park, CA Supercharger",CA,94928,475 Rohnert Park Expressway,Rohnert Park
"Roseville, CA - Galleria Boulevard Supercharger",CA,95678,1120 Galleria Boulevard,Roseville
"Roseville, CA Supercharger",CA,95678,1151 Galleria Blvd,Roseville
"Rowland Heights, CA Supercharger",CA,91748,No address given,Rowland Heights
"Sacramento, CA - Arden Way Supercharger",CA,95815,1689 Arden Way,Sacramento
"Sacramento, CA - Freeport Boulevard Supercharger",CA,95822,4700 Freeport Blvd,Sacramento
"Sacramento, CA Supercharger",CA,95834-0000,3668 N. Freeway Blvd,Sacramento
Sacramento-Rocklin,CA,95677,4361 Granite Drive,Rocklin
"Salinas, CA Supercharger",CA,93906-5102,1606 North Main Street,Salinas
"San Bernardino, CA Supercharger",CA,92408,500 Inland Center Drive,San Bernardino
"San Bruno, CA (coming soon)",CA,No zipcode,No address given,San Bruno
"San Carlos, CA Supercharger",CA,94070,1127 Industrial Road,San Carlos
"San Clemente, CA - Avenida Vista Hermosa Supercharger",CA,92673,990 Avenida Vista Hermosa,San Clemente
"San Clemente, CA Supercharger",CA,92672-7706,101 West Avenida Vista Hermosa,San Clemente
San Diego Supercharger,CA,92121,10155 Pacific Heights Blvd,San Diego
"San Diego, CA - A Street Supercharger",CA,92101,1350 6th Avenue,San Diego
"San Diego, CA - Camino Del Sur Supercharger",CA,92127,17170 Camino Del Sur,San Diego
"San Diego, CA - Del Mar Heights Road Supercharger",CA,92014,3275 Del Mar Heights Road,San Diego
"San Diego, CA - Friars Road Supercharger",CA,92108,7007 Friars Road,San Diego
"San Diego, CA - La Jolla (coming soon)",CA,No zipcode,No address given,San Diego
"San Dimas, CA (coming soon)",CA,No zipcode,No address given,San Dimas
"San Francisco, CA - Financial District (coming soon)",CA,No zipcode,No address given,San Francisco
"San Francisco, CA - Letterman Drive Supercharger",CA,San Francisco,1 Letterman Drive,94129
"San Francisco, CA - Mission (coming soon)",CA,No zipcode,No address given,San Francisco
"San Francisco, CA - SOMA (coming soon)",CA,No zipcode,No address given,San Francisco
"San Francisco, CA Supercharger",CA,94102,601 Van Ness Avenue,San Francisco
"San Gabriel, CA (coming soon)",CA,No zipcode,No address given,San Gabriel
"San Jose, CA (West) (coming soon)",CA,No zipcode,No address given,San Jose
"San Jose, CA - Blossom Hill Road Supercharger",CA,95118,1375 Blossom Hill Road,San Jose
"San Jose, CA - Cherry Avenue Supercharger",CA,95118,5160 Cherry Avenue,San Jose
"San Jose, CA - Coleman Avenue Supercharger",CA,95110,533 Coleman Avenue,San Jose
"San Jose, CA - E Capitol Expressway Supercharger",CA,95121,1029 East Capitol Expressway,San Jose
"San Jose, CA - Holger Way Supercharger",CA,95134,95 Holger Way,San Jose
"San Jose, CA - Santana Row Supercharger",CA,95128,330 South Winchester,San Jose
"San Jose, CA - Valet - Santana Row Supercharger",CA,95128,330 South Winchester Santana Row,San Jose
"San Juan Capistrano, CA Supercharger",CA,92675,31971 Camino Capistrano,San Juan Capistrano
"San Luis Obispo, CA Supercharger",CA,93405,100 Madonna Road,San Luis Obispo
San Mateo Supercharger,CA,94403,1200 Park Place,San Mateo
"San Mateo, CA (coming soon)",CA,No zipcode,No address given,San Mateo
"San Mateo, CA - Bridgepointe Pkwy Supercharger",CA,94404-1569,2220 Bridgepointe Pkwy,San Mateo
"San Ramon, CA - Diablo Plaza Supercharger",CA,94583,2415-2505 San Ramon Valley Boulevard,San Ramon
"San Ramon, CA Supercharger",CA,94583,2610 Bishop Drive,San Ramon
"San Ysidro, CA (coming soon)",CA,No zipcode,No address given,San Ysidro
Santa Ana Supercharger,CA,92705-6607,2800 N. Main Street,Santa Ana
"Santa Barbara, CA (coming soon)",CA,No zipcode,No address given,Santa Barbara
"Santa Clara, CA (coming soon)",CA,No zipcode,No address given,Santa Clara
"Santa Clara, CA Supercharger",CA,95054,3945 Rivermark Plaza,Santa Clara
"Santa Clarita, CA Supercharger",CA,91355,24061 Newhall Ranch Road,Valencia
"Santa Cruz, CA Supercharger",CA,95062,911 Soquel Avenue,Santa Cruz
"Santa Monica, CA - Santa Monica Place Supercharger",CA,90401,395 Santa Monica Place,Santa Monica
"Santa Rosa, CA Supercharger",CA,95401,733 Coddingtown Center,Santa Rosa
"Santa Ysabel, CA (coming soon)",CA,No zipcode,No address given,Santa Ysabel
"Scotts Valley, CA, Supercharger",CA,95066,230 Mount Hermon Road,Scott's Valley
"Sherman Oaks, CA (coming soon)",CA,No zipcode,No address given,Sherman Oaks
"Simi Valley, CA - Tierra Rejada Road Supercharger",CA,93065,51 Tierra Rejada Road,Simi Valley
"Soledad, CA (coming soon)",CA,No zipcode,No address given,Soledad
"Sonoma, CA (coming soon)",CA,No zipcode,No address given,Sonoma
"South San Francisco, CA Supercharger",CA,94080,250 Gateway Boulevard,South San Francisco
"Stockton, CA Supercharger",CA,95207,2323 Grand Canal Boulevard,Stockton
"Studio City, CA (coming soon)",CA,No zipcode,No address given,Studio City
"Sunnyvale, CA - W. McKinley Ave Supercharger",No state,94086-6193,298 W. McKinley Ave,Sunnyvale
"Susanville, CA (coming soon)",CA,No zipcode,No address given,Susanville
"Tahoe City, CA Supercharger",CA,96145,140 Lake Boulevard,Tahoe City
Tejon Ranch Supercharger,CA,93243,5602 Dennis McCarthy Dr,Lebec
Temecula Supercharger,CA,92591,40820 Winchester Rd.,Temecula
"Thousand Oaks, CA - East Thousand Oaks Boulevard Supercharger",No state,91362,4000 East Thousand Oaks Boulevard,Thousand Oaks
"Thousand Oaks, CA - West Hillcrest Drive Supercharger",CA,91360,350 West Hillcrest Drive,Thousand Oaks
"Traver, CA (coming soon)",CA,No zipcode,No address given,Traver
Truckee Brockway Road Supercharger,CA,96161,11209 Brockway Road,Truckee
Truckee Donner Pass Supercharger,CA,96161,11290 Donner Pass Rd,Truckee
"Tustin, CA (coming soon)",CA,No zipcode,No address given,Tustin
Twentynine Palms Supercharger,CA,92277-4125,73829 Baseline Road,Twentynine Palms
Ukiah Supercharger,CA,95482,250 W Clay St.,Ukiah
Vacaville Supercharger,CA,95687,321 Nut Tree Road,Vacaville
"Vallejo, CA Supercharger",CA,94591,904 Admiral Callaghan Lane,Vallejo
"Venice, CA (coming soon)",CA,No zipcode,No address given,Venice
"Ventura, CA (coming soon)",CA,No zipcode,No address given,Ventura
"Visalia, CA (coming soon)",CA,No zipcode,No address given,Visalia
"Vista, CA (coming soon)",CA,No zipcode,No address given,Vista
"Walnut Creek, CA Supercharger",CA,94596,1153 Locust Street,Walnut Creek
"Watsonville, CA Supercharger",CA,95076,1415 Main Street,Watsonville
"Webster, TX Supercharger",CA,77598,21361 Gulf Freeway,Webster
"West Covina, CA (coming soon)",CA,No zipcode,No address given,West Covina
"Westminster, CA Supercharger",CA,92683,1025 Westminster Mall,Westminster
"Westwood, CA (coming soon)",CA,No zipcode,No address given,Westwood
"Williams, CA Supercharger",CA,95987,464 6th Street,Williams
"Woodland, CA (coming soon)",CA,No zipcode,No address given,Woodland
"Yermo, CA Supercharger",CA,92398,36017 Calico Road,Yermo
"Yuba City, CA Supercharger",CA,95993,1475 Tharp Road,Yuba City
"Alamosa, CO (coming soon)",CO,No zipcode,No address given,Alamosa
"Aspen, CO Supercharger",CO,81611-2506,38750 Highway 82,Aspen
"Boulder, CO Supercharger",CO,80301,1710 29th Street,Boulder
"Brighton, CO Supercharger",CO,80603,5112 East Bromley Lane,Brighton
Brush Supercharger,CO,80723-2902,1156  CO-71,Brush
"Centennial, CO Supercharger",CO,80112,9555 East County Line Road,Centennial
Colorado Springs Supercharger,CO,80903,215 North Cascade Avenue,Colorado Springs
"Conifer, CO - Conifer Road Supercharger",CO,80433-9078,25637 Conifer Road,Conifer
"Denver, CO (coming soon)",CO,No zipcode,No address given,Denver
"Denver, CO - Cherry Creek (coming soon)",CO,No zipcode,No address given,Denver
"Denver, CO Supercharger",CO,80239,4310 Airport Way,Denver
"Estes Park, CO Supercharger",CO,80517-9665,333 Wonderview Avenue,Estes Park
"Glenwood Springs, CO Supercharger",CO,81601,125 Wulfsohn Rd,Glenwood Springs
"Grand Junction, CO Supercharger",CO,81505,2424 U.S-6,Grand Junction
"Idaho Springs, CO Supercharger",CO,80452,1319 Miner Street,Idaho Springs
"Kremmling, CO - Park Avenue Supercharger",CO,80459,605 Park Avenue,Kremmling
"Lakewood, CO Supercharger",CO,80401,14500 West Colfax Avenue,Lakewood
"Limon, CO Supercharger",CO,80828,2221 6th St.,Limon
"Lone Tree, CO - Park Meadows Center Drive",CO,80124-5128,8401 Park Meadows Center Drive,Lone Tree
Loveland Supercharger,CO,80538-9347,4705 Clydesdale Parkway,Loveland
"Montrose, CO (coming soon)",CO,No zipcode,No address given,Montrose
"Poncha Springs, CO Superchargers",CO,81242-0000,6250 US Highway 285,Poncha Springs
"Silverthorne, CO Supercharger",CO,80498,309 Rainbow Dr,Silverthorne
"Steamboat Springs, CO (coming soon)",CO,No zipcode,No address given,Steamboat Springs
"Superior, CO - South Marshall Road Supercharging",CO,80027,2 South Marshall Road,Superior
"Telluride, CO (coming soon)",CO,No zipcode,No address given,Telluride
"Thornton, CO Supercharger",CO,80233,237 East 120th Avenue,Thornton
"Thornton, CO Supercharger #2",CO,80233,237 East 120th Avenue,Thornton
Trinidad Supercharger,CO,81082,9960 Santa Fe Trail,Trinidad
"Walsenburg, CO (coming soon)",CO,No zipcode,No address given,Walsenburg
"Wheat Ridge, CO (coming soon)",CO,No zipcode,No address given,Wheat Ridge
"Danbury, CT Supercharger",No state,06810-7422,7 Backus Ave,Danbury
"Darien, CT North Supercharger",CT,6820,I-95 North after exit 12,Darien
"Darien, CT South Supercharger",CT,6820,I-95 South after exit 10,Darien
"Fairfield, CT - Northbound Supercharger",CT,06824,165 Round Hill Road,Fairfield
"Fairfield, CT - Southbound Supercharger",CT,06824,267 Round Hill Road,Fairfield
"Greenwich, CT North Supercharger",CT,6830,3000 Merritt Parkway,Greenwich
"Greenwich, CT South Supercharger",CT,6830,2000 Merritt Parkway,Greenwich
"Hamden, CT (coming soon)",CT,No zipcode,No address given,Hamden
"Hartford, CT - Leibert Road Supercharger",CT,06120,165 Leibert Road,Hartford
"Hartford, CT Supercharger",CT,06824-2308,777 Main Street,Hartford
"Lisbon, CT (coming soon)",CT,No zipcode,No address given,Lisbon
"Madison, CT - Northbound Supercharger",CT,06443,1-95 North Avenue,Madison
"Madison, CT - Southbound Supercharger",CT,06443,1-95 South Street,Madison
"Manchester, CT Supercharger",CT,06042-8764,1470 Pleasant Valley Road,Manchester
"Meriden, CT Supercharger",CT,06450,903 East Main Street,Meriden
Milford - Boston Post Road Supercharger,CT,6460,1201 Boston Post Road,Milford
"Milford, CT North Supercharger",CT,6460,Milford Travel Plaza,Milford
"Milford, CT South Supercharger",CT,6460,Travel Plaza,Milford
"New London, CT Supercharger",CT,06320,351 North Frontage Road,New London
"North Canaan, CT Supercharger",CT,06018,11 East Main Street,North Canaan
"North Stamford, CT Supercharger",CT,06905-1215,1145 High Ridge Rd,North Stamford
"Stamford, CT Supercharger",CT,06905,2233 Summer Street,Stamford
"Torrington, CT (coming soon)",CT,No zipcode,No address given,Torrington
"Trumbull, CT (coming soon)",CT,No zipcode,No address given,Trumbull
"Waterbury, CT Supercharger",CT,6705,160 Kukas Lane,Waterbury
West Hartford Supercharger,CT,6110,1445 New Britain Ave.,West Hartford
"Claymont, DE - Philadelphia Pike Supercharger",DE,19703,2621 Philadelphia Pike,Claymont
"Claymont, DE Supercharger",DE,19703,605 Naamans Road,Claymont
"Dover, DE Supercharger",DE,19901,2800 North Dupont Highway,Dover
"Lewes, DE Supercharger",DE,19958-4203,17663 Dartmouth Drive,Lewes
Newark Supercharger,DE,19725,530 JFK Memorial Highway,Newark
"Columbia Heights, DC (coming soon)",No state,,No address given,Columbia Heights
"Washington NE, DC (coming soon)",No state,,No address given,Washington NE
"Washington SE, DC (coming soon)",No state,,No address given,Washington SE
"Washington, DC Supercharger",DC,20007,1855 Wisconsin Ave NW,Washington
"Altamonte Springs, FL Supercharger",FL,32701,355 East Altamonte Drive,Altamonte Springs
"Aventura, FL Supercharger",FL,33180,19501 Biscayne Boulevard,Aventura
"Beach Park, FL (coming soon)",FL,No zipcode,No address given,Beach Park
"Boca Raton, FL (coming soon)",FL,No zipcode,No address given,Boca Raton
"Brandon, FL Supercharger",FL,33511,2400 W Brandon Blvd,Brandon
"Celebration, FL Supercharger",FL,34747,6210 W Irlo Bronson Memorial Hwy,Celebration
"Clearwater, FL Supercharger",FL,33761,26508 US Highway 19 North,Clearwater
"Daytona Beach, FL Supercharger",FL,32114,2500 West International Speedway Boulevard,Daytona Beach
DeFuniak Springs Supercharger,FL,32435,Corner of Baldwin Ave. & 10th Street,DeFuniak Springs
"Deerfield Beach, FL Supercarger",FL,33442,20 SW 12th Avenue,Deerfield Beach
"Delray Beach, FL Supercharger",FL,33446,14851 Lyons Road,Delray Beach
"Deltona, FL Supercharger",FL,32725,3400 Howland Blvd,Deltona
Florida City Supercharger,FL,No zipcode,33505 South Dixie Hwy,Florida City
"Fort Drum, FL Supercharger",FL,34972,184 Florida's Turnpike,Okeechobee
"Fort Lauderdale, FL Supercharger",FL,33312,2620 West Broward Boulevard,Fort Lauderdale
"Fort Myers, FL - Dani Drive Supercharger",FL,33966-6527,9355 Six Mile Cypress Parkway,Fort Myers
"Fort Myers, FL Supercharger",FL,33913,Gulf Coast Town Center,Fort Myers
"Fort Pierce, FL Supercharger",FL,34947,5575 Okeechobee Road,Fort Pierce
"Gainesville, FL Supercharger",FL,32608,3217 Southwest 35th Boulevard,Gainesville
"Hollywood, FL (coming soon)",FL,No zipcode,No address given,Hollywood
"Jacksonville, FL - Chaffee Road Supercharger",FL,32221,703 Chaffee Road,Jacksonville
"Jacksonville, FL - County Road Supercharger",FL,32259,2220 County Road 210,St. Johns
"Jacksonville, FL - Gate Parkway Supercharger",FL,32246,4866 Gate Parkway,Jacksonville
"Key West, FL (coming soon)",FL,No zipcode,No address given,Key West
"Kissimmee, FL Supercharger",FL,34747,7940 West Irlo Bronson Memorial Highway,Kissimmee
"Lady Lake, FL Supercharger",FL,32159,116 North Highway 27/441,Lady Lake
"Lake City, FL Supercharger",FL,32055,2941 W US Hwy 90,Lake City
"Lakeland, FL Supercharger",FL,33809,4320 US Highway 98 North,Lakeland
Live Oak Supercharger,FL,32060,6458 US-129,Live Oak
Marathon Supercharger,FL,33050,9400 Overseas Hwy.,Marathon
"Miami Beach, FL - Bal Harbour (coming soon)",FL,No zipcode,No address given,Miami Beach
"Miami Beach, FL - South Beach (coming soon)",FL,No zipcode,No address given,Miami Beach
"Miami, FL - Mary Brickell Village Supercharger",FL,33130,900 S Miami Ave,Miami
"Miami, FL - NE 41st Street Supercharger",FL,33137,90 NE 41st Street,Miami
"Miami, FL - SW 24th Street Supercharger",FL,33155,6971 SW 24th Street,Miami
"Miami, FL - SW 7th Street Supercharger",No state,33130-1946,701 South Miami Avenue,Miami
"Miami, FL - SW 8th Street Supercharger",FL,33130-1946,701 South Miami Avenue,Miami
"Miami, FL - South Dixie Highway Supercharger",FL,33143,8312 South Dixie Highway,Miami
"Millenia, FL (coming soon)",FL,No zipcode,No address given,Millenia
Naples Supercharger,FL,34102-6454,499 Bayfront Place,Naples
"North Naples, FL (coming soon)",FL,No zipcode,No address given,North Naples
"Ocala, FL Supercharger",FL,34474,4414 SW College Rd,Ocala
"Ochopee, FL Supercharger",FL,34141,47801 West State Road 84,Ochopee
"Orlando, FL - North Alafaya Trail Supercharger",FL,32828,413 North Alafaya Trail,Orlando
"Orlando, FL - W. Sand Lake Rd Supercharger",FL,32819-8902,6500 West Sand Lake Road,Orlando
"Palm Coast, FL  (coming soon)",FL,No zipcode,No address given,Palm Coast
"Panama City Beach, FL Supercharger",FL,32413,14100 Panama City Beach Parkway,Panama City Beach
"Pembroke Pines, FL Supercharger",FL,33027,14804-14954 Pines Boulevard,Pembroke Pines
"Pensacola, FL (coming soon)",FL,No zipcode,No address given,Pensacola
Pinellas Park Supercharger,No state,33782-6203,3101 Gandy Blvd,Pinellas Park
Plantation Supercharger,FL,33324,801 S. University Drive,Plantation
"Port Orange, FL Supercharger",FL,32128,5302 S. Williamson Blvd,Port Orange
"Port St. Lucie, FL Supercharger",FL,34986,1701 NW Peacock Blvd,Port St. Lucie
"Riverview, FL Supercharger",FL,33578,10665 Big Bend Road,Riverview
Sarasota Supercharger,FL,34238,5903 Honore Ave,Sarasota
"St. Augustine, FL Supercharger",FL,32092,2700 Florida 16,St. Augustine
Tallahassee Supercharger,FL,32308,3528 Thomasville Rd,Tallahassee
"Tampa, FL - Wesley Chapel (coming soon)",FL,No zipcode,No address given,Tampa
"Tampa, FL - West Swann Avenue Supercharger",FL,33606,2100 West Swann Avenue,Tampa
"Tampa, FL Supercharger",FL,33619-2742,2502 North 50th Street,Tampa
"Titusville, FL Supercharger",FL,32780,3055 Columbia Blvd,Titusville
Turkey Lake Supercharger,FL,32835,Florida Turnpike,Turkey Lake
"Vero Beach, FL Supercharger",FL,32966,9050 20th Street,Vero Beach
"West Melbourne, FL Supercharger",FL,32904-0000,206 Palm Bay Road,West Melbourne
"West Palm Beach, FLWest Palm Beach, FL - Garden Road Supercharger",FL,33404,7289 Garden Road,West Palm Beach
"Weston, FL (coming soon)",FL,No zipcode,No address given,Weston
"Winter Garden, FL (coming soon)",FL,No zipcode,No address given,Winter Garden
"Winter Park, FL (coming soon)",FL,No zipcode,No address given,Winter Park
"Yeehaw Junction, FL (coming soon)",FL,No zipcode,No address given,Yeehaw Junction
"Acworth, GA Supercharger",GA,30101,3500 Baker Road,Atlanta
"Alpharetta, GA Supercharger",GA,30009,400 Avalon Boulevard,Alpharetta
"Athens, GA Supercharger",GA,30606,1791 Oconee Connector,Athens
Atlanta Supercharger,GA,30363,1380 Atlantic Drive NW,Atlanta
"Atlanta, GA - Lenox Road Supercharger",GA,30326,3393 Peachtree Road,Atlanta
"Atlanta, GA - Peachtree Road Supercharger",GA,30326,3393 Peachtree Road,Atlanta
"Augusta, GA - Belair Frontage Road Supercharger",GA,30909,4329 Belair Frontage Road,Augusta
"Augusta, GA Supercharger",GA,30907,1069 Stevens Creek Road,Augusta
"Brunswick, GA Supercharger",GA,31525,380 Millennium Boulevard,Brunswick
"Brunswick, GA Supercharger #2",GA,31525,380 Millennium Boulevard,Brunswick
"Buford, GA Supercharger",GA,30519,1695 Mall of Georgia Blvd,Buford
"College Park, GA (coming soon)",GA,No zipcode,No address given,College Park
"Columbus, GA (coming soon)",GA,No zipcode,No address given,Columbus
"Kingsland, GA Supercharger",GA,31548,1190 East Boone Avenue,Kingsland
"Lithonia, GA Supercharger",GA,30038,3007 Panola Road,Lithonia
"Macon, GA - Tom Hill Senior Boulevard Supercharger",GA,31210,121 Tom Hill Senior Boulevard,Macon
"Macon, GA Supercharger",GA,31201,450 Martin Luther King Jr Blvd,Macon
"Madison, GA (coming soon)",GA,No zipcode,No address given,Madison
"Metter, GA Supercharger",GA,30439,1118 South Lewis Street,Metter
"Sandy Springs, GA (coming soon)",GA,No zipcode,No address given,Sandy Springs
"Savannah, GA Supercharger",GA,31408,400 Airways Avenue,Savannah
"Tifton, GA Supercharger",GA,31794,1204 U.S. 82,Tifton
"Valdosta, GA Supercharger",GA,31601,2112 West Hill Avenue,Valdosta
"Honolulu, HI (coming soon)",HI,No zipcode,No address given,Honolulu
"Kailua, HI (coming soon)",HI,No zipcode,No address given,Kailua
"Maui, HI (coming soon)",HI,No zipcode,No address given,Maui
Boise Supercharger,ID,83709,1426 South Entertainment Ave,Boise
"Burley, ID Supercharger",ID,83318,240 East 5th Street North,Burley
Coeur d'Alene Supercharger,ID,83815,3458 N Fruitland Lane,Coeur d'Alene
Idaho Falls Supercharger,ID,83402,940 Pier View Drive,Idaho Falls
"Mountain Home, ID (coming soon)",ID,No zipcode,No address given,Mountain Home
Pocatello Supercharger,ID,83201,1399 Bench Road,Pocatello
Twin Falls Supercharger,ID,83301,2015 Neilsen Point Place,Twin Falls
"Aurora, IL - IL-59 Supercharger",IL,60504,808 IL-59,Aurora
"Bolingbrook, IL Supercharger",IL,60440-2250,755 E. Boughton Road,Bolingbrook
"Buffalo Grove, IL Supercharger",IL,60089,1550 Deerfield Parkway,Buffalo Grove
"Champaign, IL	 Supercharger",IL,61822,2401 North Prospect Avenue,Champaign
"Chicago, IL (North) (coming soon)",IL,No zipcode,No address given,Chicago
"Chicago, IL - North Broadway Supercharger",IL,60657,3030 North Broadway,Chicago
"Chicago, IL - North Columbus Drive Supercharger",Il,linois 60601-7910,225 North Columbus Drive,Chicago
"Chicago, IL - North Halsted Supercharger",IL,60642,1457 N Halsted St.,Chicago
"Chicago, IL - O'Hare Supercharger",IL,60666,Building 840 Chicago O'Hare International Airport,Chicago
"Chicago, IL - South Canal Street Supercharger",IL,60607,1100 South Canal Street,Chicago
"Chicago, IL – Bridgeport (coming soon)",IL,No zipcode,No address given,Bridgeport
"Collinsville, IL (coming soon)",IL,No zipcode,No address given,Collinsville
"Country Club Hills, IL Supercharger",IL,60478,4201 167th St.,Country Club Hills
"Dwight, IL (coming soon)",IL,No zipcode,No address given,Dwight
Effingham Supercharger,IL,62401,1200 N. Keller Drive,Effingham
"Evanston, IL (coming soon)",IL,No zipcode,No address given,Evanston
"Evergreen Park, IL Supercharger",IL,60805,9200 South Western Avenue,Evergreen Park
"Flossmoor, IL Supercharger",IL,60422,3800 Vollmer Road,Flossmoor
"Gilman, IL Supercharger",IL,60938,1043 South Crescent Street,Gilman
"Glenview, IL Supercharger",IL,60025,1200 Milwaukee Avenue,Glenview
"Highland Park, IL (coming soon)",IL,No zipcode,No address given,Highland Park
"Joliet, IL (coming soon)",IL,No zipcode,No address given,Joliet
"Marion, IL (coming soon)",IL,No zipcode,No address given,Marion
Mt. Vernon Supercharger,IL,62864-6750,222 Potomac Blvd.,Mt. Vernon
"Normal, IL Supercharger",IL,61761,11 Uptown Circle,Normal
North Aurora Supercharger,IL,60542,151 Hansen Blvd,North Aurora
"Northbrook, IL Supercharger",IL,60062,840-109 Willow Road,Northbrook
"Oak Brook, IL (coming soon)",IL,No zipcode,No address given,Oak Brook
"Oak Park, IL (coming soon)",IL,No zipcode,No address given,Oak Park
"Peoria, IL (coming soon)",IL,No zipcode,No address given,Peoria
"Peru, IL Supercharger",IL,61354,1651 Midtown Road,Peru
"Rochelle, IL (coming soon)",IL,No zipcode,No address given,Rochelle
"Rockford, IL Supercharger",IL,61112,7200 Harrison Ave,Rockford
"Rolling Meadows, IL Supercharger",IL,60008-4205,1301 Meijer Drive,Rolling Meadows
"Rosemont, IL Supercharger",IL,60018,5220 Fashion Outlets Way,Rosemont
"Skokie, IL Supercharger",IL,60077,5507 Touhy Avenue,Skokie
Springfield Illinois Supercharger,IL,62704,3801 S. MacArthur Blvd.,Springfield
"Zionsville, IN Supercharger",IL,46077,6650 Whitestown Parkway,Zionsville
"Angola, IN Supercharger",IN,46703,3855 Indiana 127,Angola
"Bloomington, IN Supercharger",IN,47404,3600 West 3rd Street,Bloomington
"Carmel, IN Supercharger",IN,46032,1424 W Carmel Dr,Carmel
"Elberfeld, IN (coming soon)",IN,No zipcode,No address given,Elberfeld
"Fishers, IN Supercharger",No state,46038-1615,9 Municipal Drive,Fishers
"Fort Wayne, IN Supercharger",IN,46818,6309 Lima Road,Fort Wayne
"Indianapolis, IN - Capitol Avenue Supercharger",IN,46225,109 South Capitol Avenue,Indianapolis
"Indianapolis, IN Supercharger",IN,46201,5120 Victory Dr,Indianapolis
"Kokomo, IN Supercharger",IN,46901,2301 East Markland Avenue,Kokomo
"Lafayette, IN Supercharger",IN,47905,4901 State Rd. 26E,Lafayette
"Merrillville, IN Supercharger",IN,46410,611 West Lincoln Highway,Merrillville
"Michigan City, IN Supercharger",IN,46360,5150 Franklin Street,Michigan City
"Mishawaka, IN Supercharger",IN,46545,6501 Grape Rd,Mishawaka
"Richmond, IN Supercharger",IN,47674,2507 Chester Boulevard,Richmond
"Seymour, IN (coming soon)",IN,No zipcode,No address given,Seymour
"Terre Haute, IN Supercharger",IN,47803,5600 E. New Margaret Dr.,Terre Haute
"Veedersburg, IN (coming soon)",IN,No zipcode,No address given,Veedersburg
"Altoona, IA Supercharger",IA,50009,1430 1st Avenue North,Altoona
Coralville Supercharger,IA,52241,1914 8th Street,Coralville
Council Bluffs Supercharger,IA,51501,3815 Metro Drive,Council Bluffs
Davenport Supercharger,IA,52807,4064 E 53rd St,Davenport
Dows Supercharger,No state,50071-8004,904 Cardinal Lane,Dows
"Dubuque, IA Supercharger",IA,52003,400 South Locust Street,Dubuque
"Shelby, IA Supercharger",IA,51570,12 East Street,Shelby
"Sioux City, IA (coming soon)",IA,No zipcode,No address given,Sioux City
"Waterloo, IA (coming soon)",IA,No zipcode,No address given,Waterloo
West Des Moines Supercharger,IA,50266,1725 Jordan Creek Parkway,West Des Moines
"Colby, KS Supercharger",KS,67701-3746,700 E Horton Ave,Colby
"Goodland, KS Supercharger",KS,67735,2631 Enterprise Rd,Goodland
"Hays, KS Supercharger",KS,67601,4101 Vine St,Hays
"Mission, KS Supercharger",KS,66202,6655 Martway Street,Mission
"Salina, KS Supercharger",KS,67401,755 W. Diamond Dr.,Salina
"Topeka, KS Supercharger",KS,66614,5930 SW Huntoon St,Topeka
Wichita Kansas Supercharger,KS,67216,4760 S. Broadway Street,Wichita
"Emporia, KS Supercharger",KS,66801,1312 Industrial Road,Emporia
"Olathe, KS Supercharger",KS,66061,18101 West 119th Street,Olathe
Bowling Green  Supercharger,KY,42104,1676 Westpark Drive,Bowling Green
"Elizabethtown, KY (coming soon)",KY,No zipcode,No address given,Elizabethtown
"Florence, KY (coming soon)",KY,No zipcode,No address given,Florence
Kuttawa Supercharger,KY,42055-5954,62 Days Inn Dr,Kuttawa
Lexington Supercharger,KY,40509,2155 Paul Jones Way,Lexington
London Supercharger,KY,40741,140 Faith Assembly Church Road,London
Louisville Supercharger,KY,40205,2120 Gardiner Ln,Louisville
"Louisville, KY - Towne Center Drive Supercharger",KY,40241,4100 Towne Center Drive,Louisville
"Maysville, KY (coming soon)",KY,No zipcode,No address given,Maysville
"Los Angeles, CA - Alameda Street Supercharger",CA,90021,787 S. Alameda Street,Los Angeles
Alexandria Supercharger,LA,71301,701 4th Street,Alexandria
Baton Rouge Supercharger,LA,70808,3535 Perkins Road,Baton Rouge
"Lafayette, LA Supercharger",LA,70501,3225 Louisiana Avenue,Lafayette
Lake Charles Supercharger,LA,70601,1772 W Prien Lake Road,Lake Charles
Monroe Supercharger,LA,71203,4919 Pecanland Mall Drive,Monroe
"New Orleans, LA (coming soon)",LA,No zipcode,No address given,New Orleans
Shreveport Supercharger,LA,71104,1133 St. Vincent Ave.,Shreveport
Slidell Supercharger,LA,70458,1303 Town Center Pkwy,Slidell
"Augusta, ME Supercharger",ME,4330,197 Civic Center Drive,Augusta
"Baileyville, ME Supercharger",ME,4694,32 Houlton Rd,Baileyville
"Bar Harbor, ME (coming soon)",ME,No zipcode,No address given,Bar harbor
"Bethel, ME Supercharger",ME,04217,No address given,Bethel
Brewer Supercharger,ME,4412,5 Walton Dr,Brewer
"Farmington, ME (coming soon)",ME,No zipcode,No address given,Farmington
"Freeport, ME Supercharger",ME,04032-1217,95 Main Street,Freeport
"Jackman, ME Supercharger",ME,04945,407 Main Street,Jackman
"Kennebunk, ME North Supercharger",ME,4043,25.5 Mile Maine Turnpike,Kennebunk
"Kennebunk, ME South Supercharger",ME,4043,25.5 Mile Maine Turnpike,Kennebunk
"Medway, ME Supercharger",ME,04460,1941 Medway Road,Medway
"Portland, ME Supercharger",ME,04101,295 Forest Avenue,Portland
"Skowhegan, ME Supercharger",ME,04976,496 Madison Avenue,Skowhegan
Aberdeen Supercharger,MD,21001-0000,"I-95 Aberdeen, Maryland",Aberdeen
"Annapolis, MD Supercharger",MD,21401,1906 Towne Centre Boulevard,Annapolis
"Baltimore, MD - Boston Street Supercharger",MD,21224,3501 Boston Street,Baltimore
"Baltimore, MD - McHenry Row Supercharger",MD,21230,McHenry Row,Baltimore
"Easton, MD Supercharger",MD,No zipcode,7655 Ocean Gateway,Easton
"Elkridge, MD (coming soon)",MD,No zipcode,No address given,Elkridge
"Frederick, MD Supercharger",MD,21703,5500 Buckeystown Pike,Frederick
"Gaithersburg, MD Supercharger",MD,20878-7306,9811 Washingtonian Blvd,Gaithersburg
Grasonville Supercharger,MD,21638-1086,108 Jackson Creek Road,Grasonville
"Greenbelt, MD (coming soon)",MD,No zipcode,No address given,Greenbelt
"Hagerstown, MD Supercharger",MD,21740,495 Prime Outlets Blvd,Hagerstown
"Halethorpe, MD (coming soon)",MD,No zipcode,No address given,Halethorpe
"Hanover, MD Supercharger",MD,21076,7795 Arundel Mills Boulevard,Hanover
La Vale Supercharger,MD,21502,11601 Winchester Road,La Vale
Laurel Supercharger,MD,20707,14700 Baltimore Ave,Laurel
"Millersville, MD (coming soon)",MD,No zipcode,No address given,Millersville
"National Harbor, MD - Potomac Passage Supercharger",MD,20745,150 Potomac Passage,Oxon Hill
"North Bethesda, MD Supercharger",MD,20852,11860 Trade Street,Bethesda
"North East, MD Supercharger",MD,21901-0000,John F Kennedy Memorial Hwy,North East
"Ocean City, MD Supercharger",MD,21842,12826A Ocean Gateway,Ocean City
"Riverdale Park, MD Supercharger",MD,20737,6221 Baltimore Avenue,Riverdale Park
"Rockville, MD Supercharger",MD,20850,330 Hungerford Drive,Rockville
"Salisbury, MD Supercharger",MD,21801,2300 North Salisbury Blvd.,Salisbury
"Towson, MD (coming soon)",MD,No zipcode,No address given,Towson
"White Marsh, MD Supercharger",MD,21162,5360 Nottingham Drive,Rossville
Auburn Massachusetts Supercharger,MA,1501,385 Southbridge St.,Auburn
"Beverly, MA (coming soon)",MA,No zipcode,No address given,Beverly
Boston Supercharger,Ma,ssachusetts 02199,800 Boylston Street,Boston
"Boston, MA - Allstate Road Supercharger",MA,02125-1663,101 Allstate Road,Boston
"Boston, MA - Richard B. Ross Way Supercharger",MA,02215,1341 Boylston Street,Boston
"Boston, MA - Seaport (coming soon)",MA,No zipcode,No address given,Boston
"Braintree, MA Supercharger",MA,02184,250 Granite Street,Braintree
"Burlington, MA (coming soon)",MA,No zipcode,No address given,Burlington
"Cambridge, MA Supercharger",MA,02141-2215,100 Cambridgeside Place,Cambridge
"Charlestown, MA (coming soon)",MA,No zipcode,No address given,Charlestown
"Chestnut Hill, MA",MA,02467,55 Boylston Street,Chestnut Hill
Dedham,MA,02026,840 Providence Highway,Dedham
"Framingham, MA Supercharger",MA,01701-5359,No address given,Framingham
"Great Barrington, MA Supercharger",MA,01230,700 Main Street Route 7,Great Barrington
"Hadley, MA Supercharger",MA,1035,25 Russell Street,Hadley
"Hudson, MA Supercharger",MA,1749,2 Highland Common East,Marlborough
"Hyannis, MA Supercharger",MA,02601,425 Attucks Lane,Hyannis
"Lawrence, MA (coming soon)",MA,No zipcode,No address given,Lawrence
Lee Supercharger,MA,1238,10 Pleasant St.,Lee
"Leominster, MA Supercharger",MA,01453-3333,100 Commercial Road,Leominster
"Lynnfield, MA Supercharger",MA,1940,600 Market St,Lynnfield
"Mansfield, MA Supercharger",MA,2048,280 School Street,Mansfield
"Mashpee, MA Supercharger",MA,2649,22 Steeple Street,Mashpee
"Orleans, MA Supercharger",MA,02653,2110 Cranberry Highway,Orleans
"Revere, MA Supercharger",MA,02151,40 Furling Drive,Revere
"Sagamore Beach, MA Supercharger",MA,2562,22 Meetinghouse Ln,Sagamore Beach
"Seekonk, MA (coming soon)",MA,No zipcode,No address given,Seekonk
"Somerville, MA (coming soon)",MA,No zipcode,No address given,Somerville
"Waltham, MA (coming soon)",MA,No zipcode,No address given,Waltham
"Wareham, MA Supercharger",MA,02571,2421 Cranberry HIghway,Wareham
West Springfield Supercharger,MA,1089,935 Riverdale Street,West Springfield
"Compostela, NYR Supercharger",CA,63700,Kilómetro 38 + 690 lado derecho de la carretera Federal 200 Tepic,Nayarit
Ann Arbor Supercharger,MI,48103,3145 Ann Arbor-Saline Road,Ann Arbor
"Auburn Hills, MI Supercharger",No state,48326-1309,800 Brown Road,Auburn Hills
Bay City Supercharger,MI,48706-9213,2980 E Wilder Rd,Bay City
"Big Rapids, MI Supercharger",MI,49307-8890,15400 Waldron Way,Big Rapids
Cadillac Supercharger,MI,49601,8605 E. 34 Road,Cadillac
"Clare, MI Supercharger",MI,48617,604 North McEwan,Clare
"Detroit, MI (coming soon)",MI,No zipcode,No address given,Detroit
"Escanaba, MI (coming soon)",MI,No zipcode,No address given,Escanaba
"Gaylord, MI Supercharger",MI,49735-7241,250 Meijer Drive,Gaylord
Grand Rapids Supercharger,MI,49512,5531 28th Street SE,Grand Rapids
"Hudsonville, MI Supercharger",MI,49426,4075 32nd Avenue,Hudsonville
"Hudsonville, MI Supercharger #2",MI,49426,4075 32nd Avenue,Hudsonville
Lansing Supercharger,MI,48912,2025 Showtime Drive,Lansing
"Livonia, MI Supercharger",MI,48150-0000,13070 Middlebelt Rd,Livonia
Ludington Supercharger,MI,49431-7612,3900 W US Hwy 10,Ludington
"Mackinaw City, MI Supercharger",MI,49701,801 South Huron Avenue,Mackinaw City
"Marquette, MI (coming soon)",MI,No zipcode,No address given,Marquette
Marshall Supercharger,MI,49068-9620,15252 US Highway 27 N,Marshall
"Muskegon, MI Supercharger",MI,49444-6716,5300 Harvey Street,Muskegon
"Novi, MI (coming soon)",MI,No zipcode,No address given,Novi
Port Huron Supercharger,MI,48060,500 Thomas Edison Parkway,Port Huron
"Roseville, MI Supercharger",MI,48066-1700,30800 Little Mack Avenue,Roseville
"St. Joseph, MI Supercharger",MI,49085,3260 Niles Rd,St. Joseph
"Swartz Creek, MI Supercharger",MI,48473,4141 Morrish Road,Swartz Creek
Traverse City Supercharger,Mi,chigan 49684,3955 US Highway 31 South,Traverse City
"Walker, MI Supercharger",MI,49544,2988 Walker Avenue,Walker
"Albert Lea, MN - Happy Trails Lane Superchargers",MN,56007,820 Happy Trails Lane,Albert Lea
"Albert Lea, MN Supercharger",MN,56007,811 E Plaza St,Albert Lea
"Alexandria, MN Supercharger",MN,56308,4404 MN-29,Alexandria
"Arden Hill, MN (coming soon)",MN,No zipcode,No address given,Arden Hill
Baxter Supercharger,MN,56425,6967 Lake Forest Road,Baxter
"Bloomington, MN (coming soon)",MN,No zipcode,No address given,Bloomington
Clearwater Supercharger,MN,55320,950 MN-24,Clearwater
Duluth Supercharger,MN,55802,200 West 1st Street,Duluth
Hinckley Supercharger,MN,55037,404 Fire Monument Road,Hinckley
"Maple Grove, MN (coming soon)",MN,No zipcode,No address given,Maple Grove
"Minneapolis, MN Supercharger",MN,55413,1650 New Brighton Boulevard,Minneapolis
"Minnetonka, MN Supercharger",MN,55305,13201 Ridgedale Drive,Minnetonka
Oakdale Supercharger,MN,55128,7180 10th St N,Oakdale
"Richfield, MN (coming soon)",MN,No zipcode,No address given,Richfield
"Robbinsdale, MN Supercharger",MN,55422,3501 West Broadway Avenue,Robbinsdale
"Rochester, MN Supercharger",MN,55902-2183,500 Crossroads Dr,Rochester
"Sherburn, MN Supercharger",MN,56171-0000,600 MN-4,Sherburn
"St Paul, MN (coming soon)",MN,No zipcode,No address given,St Paul
"St. Louis Park, MN Supercharger",MN,55416,3601 Highway 100 South,St. Louis Park
"Worthington, MN Supercharger",MN,56187,1290 Ryans Rd,Worthington
Grenada Supercharger,MS,38901-2826,2030 Sunset Dr,Grenada
"Hattiesburg, MS Supercharger",MS,39402,6143 US Highway 98,Hattiesburg
"McComb, MS",MS,39648,1432 Delaware Avenue,McComb
Meridian Supercharger,MS,39301,1210 Bonita Lakes Drive,Meridian
"Pearl, MS Supercharger",MS,39208,200 Bass Pro Drive,Pearl
Tupelo Supercharger,MS,38804-0902,1001 Barnes Crossing Rd,Tupelo
"Bethany, MO Supercharger",MO,66424,3807 Miller Street,Bethany
"Branson, MO (coming soon)",MO,No zipcode,No address given,Branson
"Brentwood, MO (coming soon)",MO,No zipcode,No address given,Brentwood
Columbia Supercharger,MO,65201,915 Port Way,Columbia
"Concordia, MO (coming soon)",MO,No zipcode,No address given,Concordia
"Hannibal, MO (coming soon)",MO,No zipcode,No address given,Hannibal
Independence Supercharger,MO,64055,18011 E Bass Pro Drive,Independence
Joplin Supercharger,MO,64804-4447,3615 Range Line Rd.,Joplin
"Kansas City, MO Supercharger",MO,64151,8301 North Saint Clair Avenue,Kansas City
"Mehlville, MO Supercharger",MO,63129,No address given,Saint Louis County
Miner Supercharger,MO,63801,2612 E Malone Ave.,Miner
"Nevada, MO (coming soon)",MO,No zipcode,No address given,Nevada
Osage Beach Supercharger,MO,65065-3169,929 Hwy D,Osage Beach
Rolla Supercharger,MO,65401,1705 Martin Springs Drive,Rolla
"Springfield, MO Supercharger",MO,65803-4414,3050 N. Kentwood Ave.,Springfield
"St Joseph, MO Supercharger",MO,64506,201 North Belt Highway,St Joseph
St. Charles Supercharger,MO,63303,2021 Zumbehl Road,St. Charles
"St. Charles, MO - Beale Street Supercharger",MO,63303,1650 Beale Street,St. Charles
"St. Louis, MO (coming soon)",MO,No zipcode,No address given,St. Louis
"Big Sky, MT Supercharger",MT,59716,25 Town Center Avenue,Big Sky
"Big Timber, MT Supercharger",MT,59011,228 Big Timber Loop Rd,Big Timber
"Bighorn, MT (coming soon)",MT,No zipcode,No address given,Bighorn
"Billings, MT Supercharger",MT,59102,1801 Majestic Ln,Billings
"Bozeman, MT Supercharger",MT,59715,2023 Commerce Way,Bozeman
Butte Supercharger,MT,59701,2900 Harrison Ave.,Butte
"Glendive, MT Supercharger",MT,59330,1919 North Merrill Avenue,Glendive
"Great Falls, MT Supercharger",MT,59404,2301 14th St SW,Great Falls
"Helena, MT Supercharger",MT,59602,3120 Queen Anne Street,Helena
"Kalispell, MT (coming soon)",MT,No zipcode,No address given,Kalispell
"Lima, MT Supercharger",MT,59739,108 Bailey Street,Lima
"Miles City, MT Supercharger",MT,59301,1815 South Haynes Avenue,Miles City
Missoula Supercharger,MT,59808,5280 Grant Creek Rd,Missoula
"Shelby, MT (coming soon)",MT,No zipcode,No address given,Shelby
Superior Supercharger,MT,59872,205 4th Ave. East,Superior
West Yellowstone Supercharger,MT,59758,No address given,West Yellowstone
Gothenburg Supercharger,NE,69138-2610,318 Platte River Road,Gothenburg
Grand Island Supercharger,NE,68803-9117,3335 West Wood River Road,Grand Island
"Lincoln, NE Supercharger",NE,68521-1196,5020 N 27th Street,Lincoln
Ogallala Supercharger,NE,69153-3118,501 Stagecoach Trail,Ogallala
Sidney Supercharger,NE,69162-3047,645 Cabela Drive,Sidney
"Beatty, NV Supercharger",NV,89003,900 Hwy 95 N,Beatty
Elko Supercharger,NV,89801,2755 Mountain City Highway,Elko
Gardnerville Supercharger,NV,89410,1979 US 395,Gardnerville
Hawthorne Supercharger,NV,89415,705 Hwy 362 Hawthorne,Hawthorne
"Henderson, NV Supercharger",NV,89002-9346,2800 S Boulder Hwy,Henderson
"Incline Village, NV Supercharger",NV,89451,930 Tahoe Boulevard,Incline Village
Las Vegas Blvd South Supercharger,NV,89119-3240,6509 S Las Vegas Blvd,Las Vegas
"Las Vegas, NV - Grand Central Parkway Supercharger",NV,89106,875 South Grand Central Parkway,Las Vegas
"Las Vegas, NV - Linq High Roller Supercharger",NV,89109,3545 South Las Vegas Boulevard,Las Vegas
"Las Vegas, NV - Tivoli Village Supercharger",NV,89145,400 South Rampart Boulevard,Las Vegas
"Las Vegas, NV Supercharger",NV,89101,701 Bridger Ave,Las Vegas
Lovelock Supercharger,NV,89419,150 Main St.,Lovelock
"Primm, NV Supercharger",NV,89019,31900 Las Vegas Blvd S,Primm
Reno Supercharger,NV,89502,3800 S Virginia St.,Reno
"Reno, NV - North Sierra Street Supercharger",NV,89503,375 N Sierra Street,Reno
Stateline Supercharger,NV,89449,50 US-50,Stateline
Tonopah Supercharger,NV,89049,171 Main St.,Tonopah
West Wendover Supercharger,NV,89883,810 W Wendover Blvd.,West Wendover
Winnemucca Supercharger,NV,89446,1985 W Winnemucca Blvd.,Winnemucca
"Ashland, NH Supercharger",NH,03217,158 Main Street,Ashland
Hooksett (Northbound) Supercharger,NH,3106,Northbound I-93,Hooksett
Hooksett (Southbound) Supercharger,NH,3106,Southbound I-93,Hooksett
Lincoln Supercharger,NH,3251,22 South Mountain,Lincoln
"North Conway, NH (coming soon)",NH,No zipcode,No address given,North Conway
"Rochester, NH Supercharger",NH,03867,290 North Main Street,Rochester
Seabrook Supercharger,NH,3874,700 Lafayette Road,Seabrook
West Lebanon Supercharger,NH,3784,285 N. Plainfield Road,West Lebanon
"Barnegat, NJ Supercharger",NJ,8005,945 West Bay Avenue,Barnegat
"Basking Ridge, NJ Supercharger",NJ,7920,415 King George Road,Basking Ridge
"Boonton, NJ Supercharger",NJ,07005,550 Myrtle Avenue,Boonton
"Burlington, NJ Supercharger",Ne,w Jersey 08016-0000,2060 US-130,Burlington
"Cape May Court House, NJ Supercharger",NJ,8210,11 Court House South Dennis Road,Cape May
"Cherry Hill, NJ (coming soon)",NJ,No zipcode,No address given,Cherry Hill
Cranbury Supercharger,NJ,8512,Mile Marker 71.7 New Jersey Turnpike,Cranbury
"Cranbury, NJ Supercharger",NJ,8512,Mile Marker 71.7 New Jersey Turnpike,Cranbury
"Deptford, NJ Supercharger",NJ,08096,1750 Deptford Center Road,Deptford
East Brunswick Supercharger,NJ,8816,Mile Marker 78 New Jersey Turnpike North,East Brunswick
"East Brunswick, NJ - State Route 18 Supercharger",NJ,8816,755 State Route 18,East Brunswick
"Edgewater, NJ (coming soon)",NJ,No zipcode,No address given,Edgewater
"Edison, NJ Supercharger",NJ,8837,55 Parsonage Rd.,Edison
Egg Harbor Township Supercharger,NJ,8234,3121 Fire Road,Egg Harbor Township
"Elizabeth, NJ (coming soon)",NJ,No zipcode,No address given,Elizabeth
"Elizabeth, NJ Supercharger",NJ,07201,651 Kapkowski Road,Elizabeth
"Freehold, NJ Supercharger",NJ,07728,909 Route 33,Freehold
"Hackensack, NJ (coming soon)",NJ,No zipcode,No address given,Hackensack
Hamilton Township Supercharger,NJ,8691,425 Market Place Blvd,Hamilton
"Jersey City, NJ - Mall Drive West Supercharger",NJ,07310-1615,30 Mall Drive West,Jersey City
"Jersey City, NJ – 1st Street Supercharger",NJ,07302,160 First Street,Jersey City
"Kearny, NJ Supercharger",NJ,7032,200 Harrison Avenue,Kearny
"Mahwah, NJ (coming soon)",NJ,No zipcode,No address given,Mahwah
"Maple Shade, NJ Supercharger",NJ,08052,2801 Route 73,Maple Shade
"Marlton, NJ Supercharger",NJ,08053,500 NJ-73,Marlton
"North Brunswick, NJ Supercharger",NJ,8902,191 Grand Avenue,North Brunswick
Paramus-Route 17,NJ,07652,530 Route 17 N,Paramus
"Parlin, NJ (coming soon)",NJ,No zipcode,No address given,Parlin
"Parsippany, NJ Supercharger",NJ,7054,350 New Road,Parsippany
"Paulsboro, NJ Supercharger",NJ,8066,51 Berkley Road,Paulsboro
"Pompton Lakes, NJ (coming soon)",NJ,No zipcode,No address given,Pompton Lakes
"Robbinsville, NJ Supercharger",NJ,8691,315 Robbinsville-Allentown Road,Robbinsville
"Rockaway, NJ Supercharger",NJ,7866,395 Mount Hope Avenue,Rockaway
"South Toms River, NJ Supercharger",NJ,08757,No address given,Tom's River
"Springfield, NJ - Cleveland Place Supercharger",NJ,07081,2017 Cleveland Place,Springfield
Tinton Falls Supercharger,NJ,7753,1 Premium Outlets Blvd,Tinton Falls
"Union City, NJ (coming soon)",NJ,No zipcode,No address given,Union City
"Wayne, NJ (coming soon)",NJ,No zipcode,No address given,Wayne
"West Orange, NJ (coming soon)",NJ,No zipcode,No address given,West Orange
"Woodbridge Township, NJ Supercharger",NJ,08857-0000,440 King Georges Road,Woodbridge
"Woodcliff Lake, NJ (coming soon)",NJ,No zipcode,No address given,Woodcliff Lake
Albuquerque Supercharger,NM,87107,2600 Menaul Blvd NE,Albuquerque
"Clayton, NM (coming soon)",NM,No zipcode,No address given,Clayton
"Clovis, NM (coming soon)",NM,No zipcode,No address given,Clovis
"Deming, NM Supercharger",No state,88030,1695  US-180,Deming
"Farmington, NM Supercharger",NM,87402-8302,4200 Sierra Vista Drive,Farmington
"Gallup, NM Supercharger",NM,87301,111 Twin Buttes Rd,Gallup
"Grants, NM (coming soon)",NM,No zipcode,No address given,Grants
"Las Vegas, NM Supercharger",NM,87701,2500 N. Grand Ave.,Las Vegas
Santa Fe Supercharger,NM,87507-4415,8380 Cerrillos Rd,Santa Fe
Santa Rosa Supercharger,NM,88435,2516 Historic Route 66,Santa Rosa
"Soccoro, NM (coming soon)",NM,No zipcode,No address given,Soccoro
"Taos, NM (coming soon)",NM,No zipcode,No address given,Taos
Truth or Consequences Supercharger,NM,87901,2201 F.G. Amin Street,Truth or Consequences
Tucumcari Supercharger,NM,88401,2624 S Adams St.,Tucumcari
"Albany, NY Supercharger",NY,12205,131 Colonie Center,Albany
"Astoria, NY (coming soon)",NY,No zipcode,No address given,Astoria
"Bath Beach, NY (coming soon)",NY,No zipcode,No address given,Bath Beach
"Bay Shore, NY (coming soon)",NY,No zipcode,No address given,Bay Shore
"Bedford Hills, NY (coming soon)",NY,No zipcode,No address given,Bedford Hills
"Bergen Beach, NY (coming soon)",NY,No zipcode,No address given,Bergen Beach
Binghamton Supercharger,NY,13905,1062 Front Street,Binghamton
"Bronx, NY - Bay Plaza Supercharger",NY,10475,260 Baychester Avenue,Bronx
"Brooklyn Heights, NY (coming soon)",NY,No zipcode,No address given,Brooklyn Heights
"Brooklyn, NY - Atlantic Avenue Supercharger",NY,11217,625 Atlantic Avenue B12,Brooklyn
"Brooklyn, NY - Brooklyn Museum Supercharger",NY,11225,878 Washington Avenue,Brooklyn
"Brooklyn, NY - N. 12th Street Supercharger",NY,11249,113 N. 12th Street,Brooklyn
Buffalo Supercharger,NY,14221,4455 Transit Road,Buffalo
"Centuck, NY (coming soon)",NY,No zipcode,No address given,Centuck
"Cheektowaga, NY Supercharger",NY,14225,2013 Walden Avenue,Cheektowaga
"Chelsea, NY (coming soon)",NY,No zipcode,No address given,Chelsea
"Chestertown, NY Supercharger",NY,12817,6151 NY-8,Chestertown
"Clinton Corners, NY Supercharger",No state,12514-2025,2300 Salt Point Turnpike,Clinton Corners
"Copiague, NY Supercharger",NY,11726,1147 Sunrise Highway,Copiague
"East Hampton, NY (coming soon)",NY,No zipcode,No address given,East Hampton
Erwin Supercharger,NY,14870,125 Victory Hwy,Erwin
"Fishkill, NY Supercharger",NY,12524,18 Westage Drive,Fishkill
"Flushing, NY Supercharger",NY,11354,136-20 38th Avenue,Flushing
"Glendale, NY - Cooper Avenue Supercharger",NY,11385,8000 Cooper Avenue,Glendale
Guilderland Supercharger,NY,12203,1 Crossgates Mall Road,Guilderland
"Harlem, NY (coming soon)",NY,No zipcode,No address given,Harlem
"Islandia, NY Supercharger",NY,11598,1750 Veterans Hwy,Islandia
"Ithaca, NY Supercharger",NY,14850,740 South Meadow Street,Ithaca
"JFK - Queens, NY Supercharger",NY,11430,150th Ave and 147th St,Queens
Kingston Supercharger,NY,12401,640 Washington Ave.,Kingston
"Kips Bay, NY (coming soon)",NY,No zipcode,No address given,Kips Bay
"Lake Placid, NY Supercharger",NY,12946,1930 Saranac Ave,Lake Placid
"Little Neck, NY (coming soon)",NY,No zipcode,No address given,Little Neck
"Manhattan, NY - Vesey Street Supercharger",NY,10080,250 Vesey Street,Manhattan
"Manorville, NY (coming soon)",NY,No zipcode,No address given,Manorville
"Middletown, NY Supercharger",NY,10941,601 East Main Street,Middletown
"New Rochelle, NY Supercharger",NY,10801-6408,33 LeCount Place and Huguenot Street,New Rochelle
"New York, NY - 59 Allen Street Supercharger",NY,95123,59 Allen Street,Lower Manhattan
"New York, NY - E 47th Street Supercharger",No state,10017,212 East 47th Street,New York
"New York, NY - Mott Street Supercharger",NY,10013-4600,106 Mott Street,New York
"New York, NY - West 75th Street Supercharger",No state,10023-1704,201 W 75th Street,New York
Newburgh Supercharger,NY,12550,1217 NY-300,Newburgh
"Oneonta, NY Supercharger",NY,13820,4968 NY-23,Oneonta
"Ossining, NY Supercharger",NY,10562,240 South Highland Avenue,Ossining
"Plainview, NY Supercharger",NY,11803-5010,1427 Old Country Road,Plainview
Plattsburgh Supercharger,NY,12901,60 Smithfield Blvd,Plattsburgh
"Port Chester, NY (coming soon)",NY,No zipcode,No address given,Port Chester
"Queens, NY - Queens Center Supercharger",NY,11373,90-15 Queens Boulevard,Queens
Queensbury Supercharger,NY,12804,578 Aviation Road,Queensbury
"Roscoe, NY Supercharger",NY,12776,1908 Old Route 17,Roscoe
"Salamanca, NY Supercharger",NY,14779,777 Seneca Allegany Boulevard,Salamanca
"Scarsdale, NY (coming soon)",NY,No zipcode,No address given,Scarsdale
"Shirley, NY (coming soon)",NY,No zipcode,No address given,Shirley
Southampton Supercharger,NY,11968,850 County Road 39,Southampton
"Staten Island, NY - Veterans Road West Supercharger",NY,10309,2925 Veterans Road West,New York City
Syracuse Supercharger,NY,13088,441 Electronics Parkway,Liverpool
Tarrytown Supercharger,NY,10591-5104,600 White Plains Road,Tarrytown
"Upper East Side, NY (coming soon)",NY,No zipcode,No address given,Upper East Side
Utica Supercharger,NY,13501,50 Auert Ave.,Utica
"Valley Stream, NY Supercharger",NY,11581,"2034 Green Acres Mall, Sunrise Highway",Valley Stream
Victor Supercharger,NY,14564,7979 Pittsford Victor Rd,Victor
"Wantagh, NY (coming soon)",NY,No zipcode,No address given,Wantagh
"Water Mill, NY Sueprcharger",NY,11976,760 Montauk Highway,Water Mill
"Waterloo, NY Supercharger",NY,13165,1133 Route 414,Waterloo
Watertown Supercharger,NY,13601,21182 Salmon Run Mall Loop W,Watertown
"West Nyack, NY Supercharger",NY,10994,1000 Palisades Center Drive,West Nyack
"White Plains, NY (coming soon)",NY,No zipcode,No address given,White Plains
"Woodbury, NY (coming soon)",NY,No zipcode,No address given,Woodbury
"Yonkers, NY Supercharger",NY,10701-3230,Archer Street,Yonkers
"Yorktown Heights, NY Supercharger",CA,10589,3379 Crompond Road,Yorktown Heights
Asheville Supercharger,NC,28806,800 Brevard Road,Asheville
"Burlington, NC Supercharger",NC,27215,1080 Piper Ln,Burlington
"Cary, NC Supercharger",NC,27519,7119 O'Kelly Chapel Road,Cary
Charlotte Supercharger,NC,28262,2720 W Mallard Creek Church Rd,Charlotte
"Charlotte, NC - Toringdon Way Supercharger",NC,28277,3429 Toringdon Way,Charlotte
"Fayetteville, NC Supercharger",NC,28312,1965 Cedar Creek Road,Fayetteville
"Greensboro, NC Supercharger",NC,27407-2747,5421 Hornaday Road,Greensboro
"Henderson, NC Supercharger",NC,27536,619 Ruin Creek Road,Henderson
"Hickory, NC Supercharger",NC,28602-5185,2191 13th Avenue Drive SE,Hickory
"Kill Devil Hills, NC Supercharger",NC,27948,2012 S Croatan Hwy,Kill Devil Hills
"Kinston, NC Supercharger",NC,28504,4483 U.S. Highway 70,Kinston
Lumberton Supercharger,NC,28358,5093 Fayetteville Rd.,Lumberton
"Mt Airy, NC Supercharger",NC,27030,2905 Rockford Street,Mt Airy
"Plymouth, NC Supercharger",NC,27962,840 U.S. 64,Plymouth
"Raleigh, NC Supercharger",NC,27609-5780,Lassiter at North Hills Ave,Raleigh
"Rocky Mount, NC Supercharger",NC,27804,651 N. Winstead Avenue,Rocky Mount
"Smithfield, NC Supercharger",NC,27577,1700 East Market Street,Smithfield
"Wallace, NC Supercharger",NC,28466,111 River Village Place,Wallace
Wilmington Supercharger,NC,28405-4191,6835 Conservation Way,Wilmington
"Bismarck, ND Supercharger",ND,58503,No address given,Bismarck
"Dickinson, ND Supercharger",ND,58601,No address given,Dickinson
"Fargo, ND Supercharger",ND,58104,5680 23rd Avenue South,Fargo
"Grand Forks, ND (coming soon)",ND,No zipcode,No address given,Grand Forks
"Jamestown, ND Supercharger",ND,58401,2400 8th Avenue Southwest,Jamestown
"Pembina, ND (coming soon)",ND,No zipcode,No address given,Pembina
"Akron, OH (coming soon)",OH,No zipcode,No address given,Akron
"Cambridge, OH Supercharger",OH,43725-3080,2101 Southgate Parkway,Cambridge
"Chillicothe, OH Supercharger",OH,45601,1080 N. Bridge Street,Chillicothe
Cincinnati,OH,45242,9111 Blue Ash Road,Cincinnati
"Cincinnati, OH Supercharger",OH,45209,4825 Marburg Avenue,Cincinnati
"Cleveland, OH (coming soon)",OH,No zipcode,No address given,Cleveland
"Columbus, OH Supercharger",OH,43215,70 East Goodale Street,Columbus
"Dayton, OH Supercharger",OH,45415,9200 N Main Street,Dayton
"Dublin, OH Supercharger",OH,43017,6175 Sawmill Road,Dublin
Grove City Supercharger,OH,43123,2221 Stringtown Rd,Grove City
Lima Supercharger,OH,45804,1933 Roschman Ave.,Lima
"Macedonia, OH Supercharger",OH,44056,8210 Macedonia Commons Blvd.,Macedonia
"Maumee, OH Supercharger",OH,43537,1391 Conant Street,Maumee
Mt. Gilead Supercharger,OH,43338-9548,6200 State Route 95,Mt. Gilead
"Polaris, OH Supercharger",OH,43240,1177 Polaris Parkway,Columbus
"Sandusky, OH Supercharger",OH,44870,4702 Milan Road,Sandusky
"Sheffield, OH Supercharger",OH,44054-2902,5295 Detroit Road,Sheffield
"Strongsville, OH Supercharger",OH,44136,9037 Pearl Road,Strongsville
"Toledo, OH Supercharger",OH,43612-3952,1500 E. Alexis Road,Toledo
"West Cincinnati, OH Supercharger",OH,45247,6550 Harrison Avenue,Cincinnati
Ardmore Supercharger,OK,73401,322 Holiday Drive,Ardmore
Catoosa Supercharger,OK,74015,777 W. Cherokee St.,Catoosa
"Henryetta, OK (coming soon)",OK,No zipcode,No address given,Henryetta
Oklahoma City Supercharger,OK,73127,7624 West Reno Ave #380,Oklahoma City
Perry Supercharger,OK,73077,2812 Fir Street,Perry
Weatherford Supercharger,OK,73096,1301 N Airport Rd,Weatherford
Baker City Supercharger,OR,97814,1 Sunridge Lane,Baker City
Bandon Supercharger,OR,97411,120 Michigan Ave. NE,Bandon
Bend Supercharger,OR,97702,61535 S Highway 97,Bend
"Boardman, OR (coming soon)",OR,No zipcode,No address given,Boardman
"Burns, OR (coming soon)",OR,No zipcode,No address given,Burns
"Detroit, OR Supercharger",OR,97342,210 D Street,Detroit
Grants Pass Supercharger,OR,97526,1900 NW 6th St.,Grants Pass
"Hillsboro, OR Supercharger",OR,97006,18101 NW Evergreen Parkway,Beaverton
"Hood River, OR (coming soon)",OR,No zipcode,No address given,Hood River
Klamath Falls Supercharger,OR,97603-4455,2655 Shasta Way,Klamath Falls
Lincoln City Supercharger,OR,97367,1500 SE East Devils Lake Rd.,Lincoln City
"Madras, OR (coming soon)",OR,No zipcode,No address given,Madras
"Medford, OR Supercharger",OR,97504,2000 Crater Lake Highway,Medford
"Newport, OR (coming soon)",OR,No zipcode,No address given,Newport
"Ontario, OR Supercharger",OR,97914,203 East Street West,Ontario
Pendleton Supercharger,OR,97801,46510 Wildhorse Blvd.,Pendleton
"Portland, OR (coming soon)",OR,No zipcode,No address given,Portland
"Portland, OR  - NW (coming soon)",OR,No zipcode,No address given,Portland
"Portland, OR - NE (coming soon)",OR,No zipcode,No address given,Portland
"Portland, OR - SE (coming soon)",OR,No zipcode,No address given,Portland
"Roseburg, OR (coming soon)",OR,No zipcode,No address given,Roseburg
"Salem, OR Supercharger",OR,97301,3790 Center Street NE,Salem
Sandy Supercharger,OR,97055,16625 SE 362nd Dr.,Sandy
"Seaside, OR Supercharger",OR,97138,1111 N Roosevelt Dr,Seaside
"Springfield, OR Supercharger",OR,97477,919 Kruse Way,Springfield
"The Dalles, OR Supercharger",OR,97058,2114 West 6th Street,The Dalles
"Tigard, OR Supercharger",OR,97223,9585 Southwest Washington Square Road,Tigard
Woodburn Supercharger,OR,97071,255 N Arney Rd,Woodburn
Allentown Supercharger,PA,18104,4680 Broadway,Allentown
"Altoona, PA Supercharger",PA,16602,1915 Pleasant Valley Boulevard,Altoona
"Bellefonte, PA Supercharger",PA,16823-9119,170 Buckaroo Ln,Bellefonte
"Bensalem, PA Supercharger",PA,19020,3620 Street Road,Bensalem
Bloomsburg Supercharger,PA,17815,11 Ricky Ave.,Bloomsburg
Breezewood Supercharger,PA,15533,16417 Lincoln Highway,Breezewood
"Bridesburg, PA (coming soon)",PA,No zipcode,No address given,Bridesburg
"Carlisle, PA Supercharger",PA,17015,1720 Harrisburg Pike,Carlisle
"Cranberry Township, PA Supercharger",PA,16066,1308 Freedom Rd,Cranberry Township
Erie Supercharger,PA,16509,2225 Down Drive,Erie
Falls Creek Supercharger,No state,15840-9515,1867 Rich Highway,Falls Creek
"Franklin Park, PA Supercharger",PA,15143-8504,2615 Nicholson Road & Wexford Bayne Road,Franklin Park
"Gettysburg, PA Supercharger",PA,17325,30 Camp Letterman Drive,Gettysburg
"Grove City, PA Supercharger",PA,16127,1931 Butler Pike,Grove City
Harrisburg Supercharger,PA,17109,3819 Union Deposit Rd,Harrisburg
Hermitage Supercharger,PA,16148,2381 S. Hermitage Road,Hermitage
"King of Prussia, PA (coming soon)",PA,No zipcode,No address given,King of Prussia
"Lancaster, PA Supercharger",PA,17601,518 Greenfield Road,Lancaster
Moosic Supercharger,PA,18507-2140,1035 Shoppes Blvd,Moosic
"North Huntingdon, PA Supercharger",PA,15642-0000,7821 U.S. 30,North Huntingdon
"Philadelphia, PA - Center City Supercharger",PA,19107,34 South 11th Street,Philadelphia
"Philadelphia, PA - North 20th Street Supercharger",PA,19130,420 North 20th Street,Philadelphia
"Pittsburgh, PA Supercharger",PA,15232,5550 Centre Avenue,Pittsburgh
"Plymouth Meeting, PA (coming soon)",PA,No zipcode,No address given,Plymouth Meeting
"Robinson, PA (coming soon)",PA,No zipcode,No address given,Robinson
"Somerset, PA Supercharger",PA,15501,1030 North Center Avenue,Somerset
"Springfield, PA (coming soon)",PA,No zipcode,No address given,Springfield
"Swartzville, PA (coming soon)",PA,No zipcode,No address given,Swartzville
Tannersville Supercharger,PA,18372,1000 Premium Outlets Dr,Tannersville
"Washington, PA Supercharger",PA,15301,331 Washington Road,Washington
"Williamsport, PA Supercharger",PA,17701,105 Maynard Street,Williamsport
"York, PA Supercharger",PA,17403,160 Leader Heights Road,York
"Guaynabo, PR Supercharger",PR,00968,B5 Suite 212 Cll Tabonuco,Guaynabo
"East Greenwich, RI Supercharger",RI,2818,1000 Division St,East Greenwich
"Newport, RI (coming soon)",RI,No zipcode,No address given,Newport
"Columbia, SC Supercharger",SC,29203-9729,8910 Farrow Road,Columbia
"Florence, SC Supercharger",SC,29501-4043,2701 David H McLeod Blvd,Florence
Greenville Supercharger #2,SC,29605,108 Carolina Point,Greenville
"Hardeeville, SC Supercharger",SC,29927,16319 Whyte Hardee Blvd,Hardeeville
"Hilton Head, SC Supercharger",SC,29928,30 Office Park Road,Hilton Head Island
Myrtle Beach Supercharger,SC,29577-9798,2000 Coastal Grand Circle,Myrtle Beach
"North Charleston, SC Supercharger",SC,29418,4855 Tanger Outlet Boulevard,North Charleston
"Santee, SC Supercharger",SC,29142,114 Bradford Blvd,Santee
"Custer, SD Supercharger",SD,57730-2033,800 Mount Rushmore Road,Custer
"Mitchell, SD Supercharger",SD,57301,1305 W. Havens Street,Mitchell
"Murdo, SD Supercharger",SD,57559,302 W 5th St.,Murdo
"Oacoma, SD Supercharger",SD,57365-0000,1000 E Dakota Highway 16,Chamberlain
"Rapid City, SD Supercharger",SD,57701,2200 N. Maple Ave,Rapid City
"Sioux Falls, SD Supercharger",SD,57106-3636,1900 South Marion Rd,Sioux Falls
"Spearfish, SD Supercharger",SD,57783-6222,3275 Old Belle Rd,Spearfish
"Wall, SD Supercharger",SD,57790,418 Main Street,Wall
"Watertown, SD (coming soon)",SD,No zipcode,No address given,Watertown
"Brentwood, TN - Old Hickory Boulevard Supercharger",TN,37027,780 Old Hickory Boulevard,Brentwood
"Bristol, TN Supercharger",TN,No zipcode,416 Pinnacle Parkway,Bristol
"Chattanooga, TN Supercharger",TN,37421,1001 Airport Road,Chattanooga
"Cookeville, TN Supercharger",TN,38501-5930,377 West Jackson Street,Cookeville
"Dickson, TN Supercharger",TN,37055-0000,100 Barzani Blv,Dickson
"Jackson, TN Supercharger",TN,38305-2481,56 Casey Jones Lane,Jackson
Knoxville Supercharger,TN,37934,10936 Parkside Dr,Knoxville
"Manchester, TN Supercharger",TN,37355,2224 Hillsboro Blvd,Manchester
"Memphis, TN Supercharger",TN,38119-5322,6073 Park Avenue,Memphis
"Nashville, TN Supercharger",TN,37211,61 East Thompson Lane,Nashville
Nashville-Brentwood,TN,37027,1641 Westgate Circle,Nashville
"Alvarado, TX Supercharger",TX,76009,3313 I-35W,Alvarado
Amarillo Supercharger,TX,79124,8231 West Amarillo Blvd.,Amarillo
Arlington Supercharger,TX,76011-5110,1200 Ballpark Way,Arlington
"Austin, TX (South) (coming soon)",TX,No zipcode,No address given,Austin
"Austin, TX - Downtown (coming soon)",TX,No zipcode,No address given,Austin
"Austin, TX - Research Boulevard Supercharger",TX,78759,9607 Research Boulevard,Austin
"Austin, TX Supercharger",TX,78752-0000,6406 N. Interstate 35 Frontage Road,Austin
"Beaumont, TX (coming soon)",TX,No zipcode,No address given,Beaumont
"Boerne, TX (coming soon)",TX,No zipcode,No address given,Boerne
"Brownsville, TX  (coming soon)",TX,No zipcode,No address given,Brownsville
"Cedar Park, TX (coming soon)",TX,No zipcode,No address given,Cedar Park
Channelview Supercharger,TX,777530,16311 East Fwy,Channelview
Childress Supercharger,TX,79201,"1300 Ave F NW Childress, Texas",Childress
Cisco Supercharger,TX,76437,16851 IH 20,Cisco
"College Station, TX (coming soon)",TX,No zipcode,No address given,College Station
"Columbus, TX Supercharger",TX,78934,2535 Texas 71,Columbus
Corsicana Supercharger,TX,75109,2035 Interstate 45 Frontage Rd,Corsicana
"Dallas, TX (Downtown) (coming soon)",TX,No zipcode,No address given,Dallas
"Dallas, TX - Mesquite (coming soon)",TX,No zipcode,No address given,Dallas
"Dallas, TX - North Central Expressway Supercharger",No state,75231-4302,9740 North Central Expressway,Dallas
"Denison, TX (coming soon)",TX,No zipcode,No address given,Denison
Denton Supercharger,TX,76201,2700 West University Drive,Denton
"Dilley, TX (coming soon)",TX,No zipcode,No address given,Dilley
El Paso Supercharger,TX,79932-8515,6401 South Desert Boulevard,El Paso
"Falfurrias, TX (coming soon)",TX,No zipcode,No address given,Falfurrias
Flatonia Supercharger,TX,78941,1415 FM 609,Flatonia
"Fort Stockton, TX Supercharger",TX,79735,2571 North Front Street,Fort Stockton
"Fort Worth, TX - Whitmore Street Supercharger",TX,76107,2616 Whitmore Street,Fort Worth
"Fredericksburg, TX (coming soon)",TX,No zipcode,No address given,Fredericksburg
"Giddings, TX Supercharger",TX,78942,3025 East Austin Street,Giddings
"Henrietta, TX Supercharger",TX,76365,237 Frontage Road,Henrietta
"Houston, TX (coming soon)",TX,No zipcode,No address given,Houston
"Houston, TX - Northwest Freeway Supercharger",TX,77040,14620 Northwest Freeway,Houston
"Houston, TX - Uptown (coming soon)",TX,No zipcode,No address given,Houston
Houston-North,TX,77090,14820 North Fwy,Houston
"Huntsville, TX Supercharger",TX,77340,148 Interstate 45,Huntsville
"Italy, TX Supercharger",TX,76651,1021 Dale Evans Drive,Italy
Junction Supercharger,TX,76849-3104,2415 N Main Street,Junction
"Katy, TX Supercharger",TX,77494,25675 Nelson Way,Katy
Kingsville Supercharger,TX,78363-2844,2400  South US Hwy 77,Kingsville
"Laredo, TX Supercharger",TX,78041-9143,110 Calle Del Norte Drive,Laredo
"Leon Springs, TX Supercharger",TX,78357,24165 I-10 #300,San Antonio
Lindale Supercharger,TX,75771,17044 I-20,Lindale
"Lubbock, TX (coming soon)",TX,No zipcode,No address given,Lubbock
McAllen Supercharger,No state,78501-0018,800 Convention Center Blvd,McAllen
Midland Supercharger,TX,79706-3525,Love’s Travel Stop,Midland
Nacogdoches Supercharger,TX,75964-2629,2615 NW Stallings Dr,Nacogdoches
Ozona Supercharger,TX,76943,1307 Ave. A,Ozona
"Pecos, TX Supercharger",TX,79772,100 East Pinehurst Street,Pecos
"Plano, TX Supercharger",TX,75024,7161 Bishop Road,Plano
"Richmond, TX Supercharger",TX,77469,20500 Southwest Freeway,Richmond
"San Angelo, TX (coming soon)",TX,No zipcode,No address given,San Angelo
"San Antonio, TX - Alamo Heights (coming soon)",TX,No zipcode,No address given,San Antonio
"San Antonio, TX Supercharger",TX,78230,11745 I-10,San Antonio
"San Marcos, TX Supercharger",TX,78666,3939 Interstate 35,San Marcos
"Schertz, TX Supercharger",TX,78154,17460 IH 35N,Schertz
Shamrock Supercharger,TX,79079,107 East 12th Street,Shamrock
"South Padre Island, TX Supercharger",TX,78597,100 Padre Blvd,South Padre Island
"Southlake, TX Supercharger",TX,76092,261 North Carroll Avenue,Southlake
Sulphur Springs Supercharger,TX,75482,300 W Tomlinson Street,Sulphur Springs
Sweetwater Supercharger,TX,79556,300 SE Georgia Ave.,Sweetwater
Texarkana Supercharger,TX,75503-2434,3101 Mall Drive,Texarkana
Three Rivers Supercharger,TX,78071,2645 S. Hwy 37,Three Rivers
Van Horn Supercharger,TX,79855,1921 Frontage Rd,Van Horn
Victoria Supercharger,TX,77901,3107 S Laurent St.,Victoria
Waco Supercharger,TX,76705,701 Interstate 35,Bellmead
"Beaver, UT Supercharger",UT,84713,Littlefield Interchange,Beaver
"Blanding, UT Supercharger",UT,84511,12 N Grayson Parkway,Blanding
"Cedar City, UT (coming soon)",UT,No zipcode,No address given,Cedar City
"Draper, UT (coming soon)",UT,No zipcode,No address given,Draper
"Green River, UT Supercharger",UT,84525,1765 East Main,Green River
"Moab, UT Supercharger",UT,84532,16 South Main Street,Moab
"Nephi, UT Supercharger",UT,84648,2100 S Main Street,Nephi
"Ogden, UT (coming soon)",UT,No zipcode,No address given,Ogden
"Park City, UT (coming soon)",UT,No zipcode,No address given,Park City
Price Supercharger,UT,84501,925 Westwood Blvd.,Price
"Provo, UT (coming soon)",UT,No zipcode,No address given,Provo
"Richfield, UT Supercharger",UT,84701,20 W 1400 N,Richfield
Salt Lake City-S. State Street,UT,84115,2312 South State Street,South Salt Lake City
St. George Supercharger,UT,84770,1091 N Bluff St,St. George
Tooele Supercharger,UT,84074,1568 East Saddleback Blvd.,Tooele
Tremonton Supercharger,UT,84337,2145 W Main Street,Tremonton
"Berlin, VT Supercharger",VT,5602,213 Paine Turnpike N,Berlin
Brattleboro Supercharger,VT,5301,499 Canal Street,Brattleboro
"Lyndon, VT (coming soon)",VT,No zipcode,No address given,Lyndon
"Rutland, VT Supercharger",VT,05701,194 Woodstock Ave,Rutland
South Burlington Supercharger,VT,5043,222 Dorset Street,South Burlington
"Arlington, VA Supercharger",VA,22201,2800 Clarendon Boulevard,Arlington
"Arlington, VA Supercharger #2",VA,22201,2800 Clarendon Boulevard,Arlington
"Ashburn, VA Supercharger",VA,20148,43300 Southern Walk Plaza,Ashburn
"Chantilly, VA Supercharger",VA,20152,25451 Lizzio Center Drive,South Riding
"Charlottesville, VA Supercharger",Vi,rgina 22901-0000,2100 Hydraulic Road,Charlottesville
Chester Supercharger,VA,23831,11701 Jefferson Davis Highway,Chester
"Fairfax, VA (coming soon)",VA,No zipcode,No address given,Fairfax
"Falls Church, VA (coming soon)",VA,No zipcode,No address given,Falls Church
"Farmville, VA - S Main Street Supercharger",VA,23901,2016 S Main Street,Farmville
"Fredericksburg, VA Supercharger",VA,22407,10060 Jefferson Davis Highway,Fredericksburg
"Glen Allen, VA Supercharger",VA,23059,9950 Brook Rd,Glen Allen
"Haymarket, VA",VA,20169,15315 Washington Street,Haymarket
"King George, VA (coming soon)",VA,No zipcode,No address given,King George
"Leesburg, VA Supercharger",VA,20737,"1602 Village Market Boulevard, Southeast",Leesburg
Lexington Supercharger #2,VA,24450,880 N Lee Hwy,Lexington
"Lynchburg, VA Supercharger",VA,24501,14480 Wards Road,Lynchburg
"Madison, VA Supercharger",VA,22707,2902 South Seminole Trail,Madison
"Mt. Jackson, VA Supercharger",VA,22842,227 Conicville Rd,Mt. Jackson
"Newport News, VA",VA,23602,12300 Jefferson Avenue,Newport News
Norfolk Supercharger,VA,23502,5900 E Virginia Beach Blvd,Norfolk
"Reston, VA Supercharger",VA,20190,1886 Metro Center Drive,Reston
"Richmond, VA Supercharger",VA,23231-0000,4441 S Laburnum Ave,Richmond
"Salem, VA Supercharger",VA,24153,1340 West Main St,Salem
"South Hill, VA Supercharger",VA,23970,1791 North Mecklenburg Avenue,South Hill
"Springfield, VA Supercharger",VA,22150,500 Springfield Mall,Springfield
"Staunton, VA Supercharger",VA,24402,1250 Richmond Avenue,Staunton
Strasburg Supercharger,VA,22657,119 Hite Lane,Strasburg
"Tysons, VA (coming soon)",VA,No zipcode,No address given,Tysons
"Vienna, VA Supercharger",VA,22180,465 Maple Avenue,Vienna
"Virginia Beach, VA (coming soon)",VA,No zipcode,No address given,Virginia Beach
"Williamsburg, VA (coming soon)",VA,No zipcode,No address given,Williamsburg
Woodbridge Supercharger,VA,22192,2700 Potomac Mills Circle,Woodbridge
Wytheville Supercharger,VA,24382,165 Malin Drive,Wytheville
Aberdeen Supercharger #2,WA,98520-4133,416 Wishkah Street,Aberdeen
"Arlington, WA Supercharger",WA,No zipcode,3438 Stoluckquamish Lane,Arlington
"Auburn, WA Supercharger",WA,98001,1101 Outlet Collection Way,Auburn
"Bellevue, WA (coming soon)",WA,No zipcode,No address given,Bellevue
"Blaine, WA Supercharger",WA,98230,8115 Birch Bay Square,Blaine
"Bothell, WA Supercharger",WA,98011,19128 112th Avenue NE,Bothell
"Burlington, WA Supercharger",WA,98233,9384 Old Highway 99 North,Burlington
Centralia Supercharger,WA,98531,1200 Lum Rd,Centralia
"Chelan, WA (coming soon)",WA,No zipcode,No address given,Chelan
"Cle Elum, WA Supercharger",WA,98922,811 WA-970,Cle Elum
Ellensburg Supercharger,WA,98926,1620 Canyon Rd,Ellensburg
"Enumclaw, WA (coming soon)",WA,No zipcode,No address given,Enumclaw
"Forks, WA Supercharger",WA,98331,100 Fern Hill Road,Forks
"Issaquah, WA Supercharger",WA,98029,6100 East Lake Sammamish Parkway SE,Issaquah
"Kelso, WA Supercharger",WA,98626,207 Three Rivers Drive,Kelso
Kennewick Supercharger,WA,99336,2811 West 10th Ave,Kennewick
"Kirkland, WA - Totem Lake (coming soon)",WA,No zipcode,No address given,Kirkland
"Lacey, WA Supercharger",WA,98503,665 Sleater Kinney Road SE,Lacey
"Leavenworth, WA Supercharger",WA,98826,1329 US-2,Leavenworth
"Lynnwood, WA Supercharger",WA,98087,2902 164th Street SW,Lynnwood
"Monroe, WA Supercharger",WA,No zipcode,18805 US-2,Monroe
"Moses Lake, WA Supercharger",WA,98837,2709 West Broadway Avenue,Moses Lake
"North Bend, WA Supercharger",WA,98045,46600 SE North Bend Way,North Bend
"Okanogan, WA (coming soon)",WA,No zipcode,No address given,Okanogan
"Olympia, WA (coming soon)",WA,No zipcode,No address given,Olympia
Ritzville Supercharger,WA,99169,105 W Galbreath Way,Ritzville
"Seattle, WA - Northgate (coming soon)",WA,No zipcode,No address given,Seattle
"Seattle, WA - Union Street Supercharger",WA,98101,601 Union Street,Seattle
"Seattle, WA - University Village (coming soon)",WA,No zipcode,No address given,Seattle
Sequim Supercharger,WA,98382-3503,1441 E Washington Street,Sequim
"Spokane, WA Supercharger",WA,99224,10506 West Aero Road,Spokane
"Tacoma, WA (coming soon)",WA,No zipcode,No address given,Tacoma
"Tumwater, WA Supercharger",WA,98512,2430 93rd Avenue Southwest,Tumwater
"Vancouver, WA - NE Vancouver Mall Drive Supercharger",WA,98662,8700 NE Vancouver Mall Drive,Vancouver
"Vancouver, WA Supercharger",WA,98685-2832,800 NE Tenney Road,Vancouver
"Yakima, WA (coming soon)",WA,No zipcode,No address given,Yakima
"Charleston, WV Supercharger",WV,25301,2 Kanawha Boulevard E,Charleston
"Huntington, WV Supercharger",WV,25704-1509,432 18th Street West,Huntington
"Martinsburg, WV Supercharger",WV,25401,1465  Edwin Miller Blvd,Martinsburg
Morgantown Supercharger,WV,26508-1324,21 Asturias Lane,Morgantown
"Mt. Hope, WV Supercharger",WV,25880,5481 Robert C. Byrd Drive,Mt. Hope
"Parkersburg, WV Supercharger",WV,26101,1102 7th Street,Parkersburg
"Triadelphia, WV Supercharger",WV,26059,35 Bob Wise Drive,Triadelphia
"Weston, WV Supercharger",WV,26452-8367,39 Berlin Road,Weston
"Eau Claire, WI Supercharger",WI,54701,4601 Keystone Crossing,Eau Claire
"Howard, WI Supercharger",Wi,sconsin 54303-2606,2015 Shawano Avenue,Howard
La Crosse Supercharger,WI,54650,2845 Midwest Dr,Onalaska
"Lake Geneva, WI Supercharger",WI,53147,7036 Grand Geneva Way,Lake Geneva
"Madison, WI (West) (coming soon)",WI,No zipcode,No address given,Madison
"Madison, WI - E. Washington Ave. Supercharger",WI,53704,3801 E. Washington Ave,Madison
"Madison, WI – East Towne Mall Supercharger",WI,53704,89 East Towne Mall,Madison
"Mauston, WI Supercharger",WI,53948,640 McEvoy St,Mauston
"Milwaukee, WI (coming soon)",WI,No zipcode,No address given,Milwaukee
"Oak Creek, WI Supercharger",WI,53154-6801,171 West Town Square Way,Oak Creek
"Oshkosh, WI Supercharger",WI,54904-7776,2415 Westowne Avenue,Oshkosh
"Pleasant Prairie, WI Supercharger",WI,53158,11211 120th Ave,Pleasant Prairie
Sheboygan Supercharger,WI,53081,595 S Taylor Drive,Sheboygan
"Sturgeon Bay, WI (coming soon)",WI,No zipcode,No address given,Sturgeon Bay
"Waukesha, WI (coming soon)",WI,No zipcode,No address given,Waukesha
"Wausau, WI - North Mountain Rd Supercharger",WI,54401-8117,2101 North Mountain Rd,Wausau
"Cheyenne, WY Supercharger",WY,82009,1400 Dell Range Blvd.,Cheyenne
"Cody, WY (coming soon)",WY,No zipcode,No address given,Cody
Evanston Supercharger,WY,82930-3094,101 Wasatch Rd,Evanston
"Evansville, WY Supercharger",WY,82636,6985 Nugget Street,Evansville
Gillette Supercharger,WY,82716,211 Decker Court,Gillette
Jackson Supercharger,WY,83001,1155 US-89,Jackson
"Laramie, WY Supercharger",WY,82070-8417,1673 Centennial Drive,Laramie
"Lusk, WY Supercharger",WY,82225,730 S Main St,Lusk
Rawlins Supercharger,WY,82301-6026,2370 E Cedar St.,Rawlins
Rock Springs Supercharger,No state,82901-5659,2441 Foothill Blvd,Rock Springs
Sheridan Supercharger,WY,82801,612 North Main Street,Sheridan
"Wheatland, WY Supercharger",WY,82201-8927,1556 Sherard Road,Wheatland
